SA22019_V1_00,SA22019_V1_00_NAME,TA2019_V1_00,TA2019_V1_00_NAME,REGC2019_V1_00,REGC2019_V1_00_NAME,LAND_AREA_SQ_KM,AREA_SQ_KM,Shape_Length
100100,North Cape,001,Far North District,01,Northland Region,826.76815577,826.76815577,415721.087309
100200,Rangaunu Harbour,001,Far North District,01,Northland Region,272.07500876,272.07500876,148978.672376
100300,Inlets Far North District,001,Far North District,01,Northland Region,0,626.09638124,1359251.39063
100400,Karikari Peninsula,001,Far North District,01,Northland Region,174.1880925,174.1880925,140012.367682
100500,Tangonge,001,Far North District,01,Northland Region,177.2085017,177.2085017,101212.244196
103200,Ohaeawai-Waimate North,001,Far North District,01,Northland Region,87.38799783,87.38799783,51204.7848904
103800,Russell,001,Far North District,01,Northland Region,3.27930242,3.27930242,12449.1260627
104000,Mataraua Forest,001,Far North District,01,Northland Region,272.9270469,272.9270469,101486.969773
104100,Matawaia-Taumarere,001,Far North District,01,Northland Region,410.65742458,410.65742458,174828.377211
104200,Russell Peninsula,001,Far North District,01,Northland Region,26.18756605,26.18756605,76029.5744775
104300,Opua (Far North District),001,Far North District,01,Northland Region,5.6075292,5.6075292,19773.7259421
104400,Russell Forest-Rawhiti,001,Far North District,01,Northland Region,191.3699955,191.3699955,284707.655551
104700,Maromaku,001,Far North District,01,Northland Region,238.33524518,238.33524518,91911.4583343
104800,Mangakahia-Hukerenui,002,Whangarei District,01,Northland Region,658.52901342,658.52901342,194554.293919
104900,Whangaruru,002,Whangarei District,01,Northland Region,469.34033021,469.34033021,293147.836944
105000,Inlets other Whangarei District,002,Whangarei District,01,Northland Region,0,39.02841125,201394.032089
105100,Matarau,002,Whangarei District,01,Northland Region,108.38424099,108.38424099,84291.0226985
105300,Kauri,002,Whangarei District,01,Northland Region,56.10398788,56.10398788,57795.6965441
105400,Maungatapere,002,Whangarei District,01,Northland Region,174.48592265,174.48592265,93411.1139891
105600,Matapouri-Tutukaka,002,Whangarei District,01,Northland Region,78.48143783,78.48143783,86819.0659392
105700,Kiripaka,002,Whangarei District,01,Northland Region,72.06318734,72.06318734,75974.007766
106000,Kamo Central,002,Whangarei District,01,Northland Region,1.09354447,1.09354447,5205.09244207
106700,Abbey Caves-Glenbervie,002,Whangarei District,01,Northland Region,32.11747652,32.11747652,39042.8917207
106800,Mairtown,002,Whangarei District,01,Northland Region,0.94349562,0.94349562,4979.08073774
107000,Woodhill-Vinetown,002,Whangarei District,01,Northland Region,1.38514518,1.38514518,8040.81155228
107400,Tarewa,002,Whangarei District,01,Northland Region,0.94068456,0.94068456,4788.50654744
107600,Ngunguru,002,Whangarei District,01,Northland Region,3.56520869,3.56520869,17841.8985099
107700,Otaika-Portland,002,Whangarei District,01,Northland Region,41.50956018,41.50956018,60192.8373564
107800,Oakleigh-Mangapai,002,Whangarei District,01,Northland Region,323.77676213,323.77676213,144725.126629
108000,Pataua,002,Whangarei District,01,Northland Region,128.58470963,128.58470963,128995.680924
108100,Onerahi Park,002,Whangarei District,01,Northland Region,1.99946704,1.99946704,8571.44125421
108400,Inlet Whangarei Harbour,002,Whangarei District,01,Northland Region,0,103.01814821,165658.436816
108500,Parua Bay,002,Whangarei District,01,Northland Region,39.09984571,39.09984571,55587.5164206
108600,Bream Bay,002,Whangarei District,01,Northland Region,238.82165955,238.82165955,138835.15602
108900,Bream Head,002,Whangarei District,01,Northland Region,52.18058425,52.18058425,81354.7430918
109000,Waipu,002,Whangarei District,01,Northland Region,136.59511165,136.59511165,76245.3907189
109100,Kaipara Coastal,003,Kaipara District,01,Northland Region,1248.05567088,1248.05567088,320368.633388
109200,Maungaru,003,Kaipara District,01,Northland Region,691.97210274,691.97210274,174259.872317
109900,Mangawhai Heads,003,Kaipara District,01,Northland Region,6.98897326,6.98897326,14769.3600881
110000,Inlet Mangawhai Harbour,003,Kaipara District,01,Northland Region,0,5.86782347,31891.3822549
110200,Okahukura Peninsula,076,Auckland,02,Auckland Region,211.1842049,211.1842049,202718.786763
110300,Inlet Kaipara Harbour South,076,Auckland,02,Auckland Region,0,391.72178452,472167.523074
110400,Cape Rodney,076,Auckland,02,Auckland Region,370.64156777,370.64156777,162766.689591
112300,Helensville Rural,076,Auckland,02,Auckland Region,56.92000174,56.92000174,81615.3313689
112700,Orewa North,076,Auckland,02,Auckland Region,3.0420027,3.0420027,6885.01832392
113000,Orewa Central,076,Auckland,02,Auckland Region,1.4528948,1.4528948,6968.1352105
113200,Waipatukahu,076,Auckland,02,Auckland Region,52.05992298,52.05992298,54632.7700311
114100,Silverdale South (Auckland),076,Auckland,02,Auckland Region,10.18819656,10.18819656,33284.6483537
114300,Gulf Islands,076,Auckland,02,Auckland Region,66.08078555,66.08078555,152786.733034
114400,Vipond,076,Auckland,02,Auckland Region,1.38113819,1.38113819,6351.9968981
114700,Kumeu Rural West,076,Auckland,02,Auckland Region,24.43202628,24.43202628,34286.6506298
114800,Okura Bush,076,Auckland,02,Auckland Region,28.98916806,28.98916806,37449.4344155
115100,Stanmore Bay East,076,Auckland,02,Auckland Region,1.33781836,1.33781836,4882.59035547
115500,Coatesville,076,Auckland,02,Auckland Region,24.36637908,24.36637908,26169.5185133
115600,Dairy Flat South,076,Auckland,02,Auckland Region,15.21710065,15.21710065,19028.179384
116000,Army Bay,076,Auckland,02,Auckland Region,6.21560447,6.21560447,15701.8771744
116100,Kumeu Rural East,076,Auckland,02,Auckland Region,14.922182,14.922182,24961.0643864
116300,Paremoremo West,076,Auckland,02,Auckland Region,9.47118769,9.47118769,19224.0499679
116400,Taupaki,076,Auckland,02,Auckland Region,27.20364513,27.20364513,27019.0286783
116600,Paremoremo East,076,Auckland,02,Auckland Region,11.60727231,11.60727231,25710.8841331
116800,Awaruku,076,Auckland,02,Auckland Region,1.52134522,1.52134522,6352.52991641
117000,Whenuapai,076,Auckland,02,Auckland Region,19.71742599,19.71742599,44486.3380917
117100,Waitakere Ranges North,076,Auckland,02,Auckland Region,86.78672877,86.78672877,61059.954778
117300,Albany Central,076,Auckland,02,Auckland Region,3.21004275,3.21004275,9298.19564712
117900,Waiake,076,Auckland,02,Auckland Region,1.24968182,1.24968182,5809.28710407
118200,Browns Bay South West,076,Auckland,02,Auckland Region,1.1512757,1.1512757,5077.4736706
118700,Browns Bay South East,076,Auckland,02,Auckland Region,0.85588073,0.85588073,4409.19216588
118900,Greenhithe West,076,Auckland,02,Auckland Region,2.72153608,2.72153608,10683.0803557
119200,Hobsonville,076,Auckland,02,Auckland Region,2.17030652,2.17030652,10025.4405552
119300,Inlet Waitemata Harbour,076,Auckland,02,Auckland Region,0,79.38550786,301995.856892
120200,Hobsonville Point,076,Auckland,02,Auckland Region,3.52144715,3.52144715,12057.7331502
121000,Bayview East,076,Auckland,02,Auckland Region,1.37467383,1.37467383,6067.73607218
121200,Sunnynook South,076,Auckland,02,Auckland Region,0.80161344,0.80161344,4179.85149153
121300,Sunnynook North,076,Auckland,02,Auckland Region,0.7444556,0.7444556,3924.55136314
122600,Forrest Hill North,076,Auckland,02,Auckland Region,0.73736716,0.73736716,3742.63048309
123000,Ranui North,076,Auckland,02,Auckland Region,1.02921375,1.02921375,5259.78524578
124000,Glenfield Central,076,Auckland,02,Auckland Region,1.12786016,1.12786016,4689.53285583
124600,Glenfield East,076,Auckland,02,Auckland Region,0.61850976,0.61850976,3412.45974915
124700,Henderson Valley,076,Auckland,02,Auckland Region,15.03555201,15.03555201,25791.7910536
125000,Ranui South East,076,Auckland,02,Auckland Region,0.94515527,0.94515527,6305.90074039
126400,Te Atatu South-Edmonton,076,Auckland,02,Auckland Region,1.06450047,1.06450047,5538.67210954
127200,Akoranga,076,Auckland,02,Auckland Region,1.16291081,1.16291081,5677.98136656
127600,Waiatarua,076,Auckland,02,Auckland Region,11.2903331,11.2903331,25008.7842469
127900,Henderson North East,076,Auckland,02,Auckland Region,0.80085975,0.80085975,5218.37345534
128700,Rosebank Peninsula,076,Auckland,02,Auckland Region,2.36295011,2.36295011,18099.2266911
129000,Sunnyvale West-Parrs Park,076,Auckland,02,Auckland Region,0.84167882,0.84167882,4172.09587036
350600,Glenleith,071,Dunedin City,14,Otago Region,2.12369841,2.12369841,8869.79749361
129300,Belmont (Auckland),076,Auckland,02,Auckland Region,1.15328718,1.15328718,5531.49131898
129600,Glen Eden West,076,Auckland,02,Auckland Region,1.15462161,1.15462161,5879.44002062
130000,Oratia,076,Auckland,02,Auckland Region,17.18938364,17.18938364,27007.9045705
131600,Grey Lynn North,076,Auckland,02,Auckland Region,0.7250584,0.7250584,4170.5590357
132700,Hobson Ridge North,076,Auckland,02,Auckland Region,0.14928093,0.14928093,2058.5453676
133500,Grey Lynn East,076,Auckland,02,Auckland Region,0.5797946,0.5797946,4293.56717444
133600,Morningside (Auckland),076,Auckland,02,Auckland Region,1.09391527,1.09391527,5024.27485607
135100,Symonds Street North West,076,Auckland,02,Auckland Region,0.08720836,0.08720836,1610.21160036
135200,Mount Albert South,076,Auckland,02,Auckland Region,0.83111669,0.83111669,3707.031054
136200,Eden Park,076,Auckland,02,Auckland Region,0.50617462,0.50617462,4108.69739312
136700,Titirangi South,076,Auckland,02,Auckland Region,4.73351946,4.73351946,17012.3815951
136800,Owairaka East,076,Auckland,02,Auckland Region,0.4025211,0.4025211,3102.80905181
137300,Green Bay North,076,Auckland,02,Auckland Region,1.03578146,1.03578146,5246.06697948
137500,Laingholm,076,Auckland,02,Auckland Region,4.07829951,4.07829951,11082.6578818
138900,Blockhouse Bay South,076,Auckland,02,Auckland Region,1.67086643,1.67086643,6084.72110199
139300,Maungawhau,076,Auckland,02,Auckland Region,0.73452195,0.73452195,3939.12827222
140600,Three Kings West,076,Auckland,02,Auckland Region,0.64710031,0.64710031,3899.50835777
141700,Epsom South,076,Auckland,02,Auckland Region,0.59629985,0.59629985,3522.32636431
142000,Hillsborough North (Auckland),076,Auckland,02,Auckland Region,1.28975403,1.28975403,5908.08874536
142600,Royal Oak West (Auckland),076,Auckland,02,Auckland Region,0.81130655,0.81130655,5047.03673008
143400,Royal Oak East (Auckland),076,Auckland,02,Auckland Region,0.64096806,0.64096806,3919.82598349
143800,Greenlane South,076,Auckland,02,Auckland Region,0.85269356,0.85269356,5187.73275047
145600,Te Papapa,076,Auckland,02,Auckland Region,0.71125763,0.71125763,3968.59023072
146900,Oneroa East-Palm Beach,076,Auckland,02,Auckland Region,3.67313154,3.67313154,17337.5116708
147400,Sylvia Park,076,Auckland,02,Auckland Region,0.55720568,0.55720568,4547.9268812
147500,Mangere Mountain View,076,Auckland,02,Auckland Region,1.69737938,1.69737938,6677.29952645
147600,Surfdale,076,Auckland,02,Auckland Region,2.61293278,2.61293278,14417.3903622
147900,Auckland Airport,076,Auckland,02,Auckland Region,23.078179,23.078179,45083.0432678
148000,Eastern Beach,076,Auckland,02,Auckland Region,1.18089038,1.18089038,5178.32055241
148700,Ostend,076,Auckland,02,Auckland Region,3.91352728,3.91352728,15738.1420836
148800,Half Moon Bay North East,076,Auckland,02,Auckland Region,0.64603015,0.64603015,3263.54912617
148900,Mangere West,076,Auckland,02,Auckland Region,0.94260917,0.94260917,4281.83841024
149000,Pakuranga West,076,Auckland,02,Auckland Region,1.39204825,1.39204825,10608.3088529
149900,Awhitu,076,Auckland,02,Auckland Region,221.55326214,221.55326214,141969.985286
150400,Howick West,076,Auckland,02,Auckland Region,1.19288396,1.19288396,5524.05708285
150600,Mellons Bay,076,Auckland,02,Auckland Region,1.67597292,1.67597292,7060.5888397
150800,Sutton Park,076,Auckland,02,Auckland Region,0.73066323,0.73066323,4244.08920631
151000,Mangere South,076,Auckland,02,Auckland Region,0.83316282,0.83316282,5184.61004296
152300,East Tamaki,076,Auckland,02,Auckland Region,7.77495611,7.77495611,24836.6868342
152600,Massey Road South,076,Auckland,02,Auckland Region,0.32471635,0.32471635,2392.28236753
152800,Mangere South East,076,Auckland,02,Auckland Region,4.33120515,4.33120515,18930.8562239
152900,Botany Downs East,076,Auckland,02,Auckland Region,0.67735204,0.67735204,3456.87213045
153200,Aorere North,076,Auckland,02,Auckland Region,0.33000405,0.33000405,3272.32467778
154100,Dingwall,076,Auckland,02,Auckland Region,0.82690072,0.82690072,6197.46900532
154600,Botany Central,076,Auckland,02,Auckland Region,0.46967108,0.46967108,3580.53040963
154800,Papatoetoe West,076,Auckland,02,Auckland Region,1.22430308,1.22430308,5677.05984687
155200,Redcastle,076,Auckland,02,Auckland Region,0.55578712,0.55578712,3611.7698544
156400,Te Puru,076,Auckland,02,Auckland Region,7.30215412,7.40264931,19833.5698963
157100,Turanga,076,Auckland,02,Auckland Region,84.96006242,84.96006242,84631.938689
157300,Ormiston North,076,Auckland,02,Auckland Region,2.3006071,2.3006071,7394.4937618
157600,Wiri West,076,Auckland,02,Auckland Region,8.04111588,8.04111588,17690.5536113
158600,Ormiston East,076,Auckland,02,Auckland Region,4.41466682,4.41466682,9740.62092867
159800,Karaka Creek,076,Auckland,02,Auckland Region,34.78082116,34.78082116,57561.1148808
160200,Weymouth North,076,Auckland,02,Auckland Region,1.01885091,1.01885091,4669.86298836
160600,Leabank,076,Auckland,02,Auckland Region,1.48914559,1.48914559,5836.86272829
161000,Randwick Park East,076,Auckland,02,Auckland Region,0.74726124,0.74726124,4878.41234341
162300,Ardmore,076,Auckland,02,Auckland Region,44.27039069,44.27039069,46421.0892996
162400,Glenbrook,076,Auckland,02,Auckland Region,53.15871459,53.15871459,68749.6484855
162800,Papakura West,076,Auckland,02,Auckland Region,0.56017307,0.56017307,4441.68755323
163400,Karaka Lakes,076,Auckland,02,Auckland Region,3.32961391,3.32961391,13519.1680185
163600,Papakura Massey Park,076,Auckland,02,Auckland Region,0.89410414,0.89410414,4551.60802472
163700,Rosehill,076,Auckland,02,Auckland Region,1.5450669,1.5450669,6855.45763565
164000,Opaheke,076,Auckland,02,Auckland Region,1.10860606,1.10860606,5338.03531024
164300,Drury,076,Auckland,02,Auckland Region,10.39171466,10.39171466,28547.3542995
164600,Drury Rural,076,Auckland,02,Auckland Region,36.01984545,36.01984545,36148.1928989
164800,Waiuku East,076,Auckland,02,Auckland Region,0.83260925,0.83260925,4474.114647
165200,Hunua,076,Auckland,02,Auckland Region,77.83522901,77.83522901,51605.81718
165700,Rosa Birch Park,076,Auckland,02,Auckland Region,0.79170524,0.79170524,3691.54601023
165900,Cloverlea (Auckland),076,Auckland,02,Auckland Region,2.37781817,2.37781817,8347.79198298
166200,Buckland,076,Auckland,02,Auckland Region,8.62446303,8.62446303,22244.2054284
166700,Coromandel,011,Thames-Coromandel District,03,Waikato Region,10.87063843,10.87063843,33800.3461899
166800,Inlets Thames-Coromandel District,011,Thames-Coromandel District,03,Waikato Region,0,91.64539703,269067.674883
166900,Mercury Bay North,011,Thames-Coromandel District,03,Waikato Region,305.23544376,305.23544376,187325.499588
167200,Thames Coast,011,Thames-Coromandel District,03,Waikato Region,116.10214377,116.10214377,71376.1435568
167300,Cooks Beach-Ferry Landing,011,Thames-Coromandel District,03,Waikato Region,2.69565289,2.69565289,15206.8374846
167400,Mercury Bay South,011,Thames-Coromandel District,03,Waikato Region,359.36150897,359.36150897,135932.592476
167500,Kauaeranga,011,Thames-Coromandel District,03,Waikato Region,180.50531134,180.50531134,79696.2584058
167900,Hikuai,011,Thames-Coromandel District,03,Waikato Region,284.1788817,284.1788817,140243.468701
168100,Tairua,011,Thames-Coromandel District,03,Waikato Region,4.17158893,4.17158893,20400.422181
168200,Pauanui,011,Thames-Coromandel District,03,Waikato Region,9.8991674,9.8991674,27250.1277181
169200,Paeroa,012,Hauraki District,03,Waikato Region,6.86961243,6.86961243,13511.6680066
169300,Waihi Rural,012,Hauraki District,03,Waikato Region,375.71388938,375.71388938,158111.671231
169700,Aka Aka,013,Waikato District,03,Waikato Region,186.92631347,186.92631347,81699.664795
170400,Port Waikato-Waikaretu,013,Waikato District,03,Waikato Region,210.12459807,210.12459807,93042.1955975
170900,Te Akau,013,Waikato District,03,Waikato Region,804.11104756,816.01221627,239884.48527
171000,Inlets Waikato District,013,Waikato District,03,Waikato Region,0,65.35648,212317.2412
171100,Te Kauwhata,013,Waikato District,03,Waikato Region,1.73959283,1.73959283,6685.26948756
171200,Huntly Rural,013,Waikato District,03,Waikato Region,350.65253517,350.65253517,144417.427051
171300,Waerenga,013,Waikato District,03,Waikato Region,261.74508611,261.74508611,79556.5434956
171700,Whitikahu,013,Waikato District,03,Waikato Region,253.62685866,253.62685866,79351.081133
171801,Te Uku,013,Waikato District,03,Waikato Region,500.14265671,500.14265671,214503.630169
171802,Whale Bay,013,Waikato District,03,Waikato Region,48.74010087,48.74010087,51334.0668907
172300,Kainui-Gordonton,013,Waikato District,03,Waikato Region,88.43211584,88.43211584,51059.9549961
172900,Rotokauri,013,Waikato District,03,Waikato Region,15.64035555,15.64035555,27619.5376395
173200,Tamahere North,013,Waikato District,03,Waikato Region,18.67399557,18.67399557,22885.4576258
174300,Waihou-Manawaru,015,Matamata-Piako District,03,Waikato Region,140.78767955,140.78767955,68503.2521125
174400,Waitoa-Ngarua,015,Matamata-Piako District,03,Waikato Region,107.28217597,107.28217597,66706.9625258
174500,Richmond Downs-Wardville,015,Matamata-Piako District,03,Waikato Region,206.65513058,206.65513058,115234.003285
174600,Waharoa-Peria,015,Matamata-Piako District,03,Waikato Region,74.20316395,74.20316395,57218.2116095
174700,Okauia,015,Matamata-Piako District,03,Waikato Region,120.03161849,120.03161849,59895.6995498
174800,Hinuera,015,Matamata-Piako District,03,Waikato Region,130.30875315,130.30875315,75167.9841938
175000,Matamata South,015,Matamata-Piako District,03,Waikato Region,4.02604986,4.02604986,9578.40338536
175100,Te Poi,015,Matamata-Piako District,03,Waikato Region,127.84843443,127.84843443,79894.853409
176100,Te Manatu,016,Hamilton City,03,Waikato Region,1.32591108,1.32591108,5162.66294475
176800,Crawshaw,016,Hamilton City,03,Waikato Region,0.86398334,0.86398334,3935.66207536
177400,Forest Lake (Hamilton City),016,Hamilton City,03,Waikato Region,1.22811347,1.22811347,5398.24746695
178400,Enderley North,016,Hamilton City,03,Waikato Region,0.69454961,0.69454961,3676.99280737
180400,Deanwell,016,Hamilton City,03,Waikato Region,0.67020493,0.67020493,4525.39721119
180600,Hillcrest West (Hamilton City),016,Hamilton City,03,Waikato Region,0.8705409,0.8705409,4772.70245472
180700,Hillcrest East (Hamilton City),016,Hamilton City,03,Waikato Region,1.01716852,1.01716852,4431.51166846
181000,Resthill,016,Hamilton City,03,Waikato Region,1.12136603,1.12136603,5150.15366328
181100,Fitzroy,016,Hamilton City,03,Waikato Region,1.48944642,1.48944642,7326.78483814
181300,Peacockes,016,Hamilton City,03,Waikato Region,6.93284813,6.93284813,13703.0068451
181400,Te Pahu,017,Waipa District,03,Waikato Region,158.16190076,158.16190076,73303.6479843
181500,Ngahinapouri,017,Waipa District,03,Waikato Region,73.93840952,73.93840952,48349.1901989
181700,Lake Ngaroto,017,Waipa District,03,Waikato Region,94.56788423,94.56788423,60077.0395931
181800,Kaipaki,017,Waipa District,03,Waikato Region,36.52263702,36.52263702,36655.2084884
182000,Hautapu Rural,017,Waipa District,03,Waikato Region,14.70911335,14.70911335,24118.5006727
182100,Pokuru,017,Waipa District,03,Waikato Region,109.19890882,109.19890882,60379.1587934
182400,Hautapu,017,Waipa District,03,Waikato Region,7.43406629,7.43406629,16655.0049475
182600,Cambridge North,017,Waipa District,03,Waikato Region,1.79761004,1.79761004,6327.40024426
183100,Pukerimu,017,Waipa District,03,Waikato Region,77.24726883,77.24726883,56255.504071
184100,Te Awamutu Central,017,Waipa District,03,Waikato Region,0.71240625,0.71240625,5001.77469885
184400,Sherwin Park,017,Waipa District,03,Waikato Region,2.13903979,2.13903979,8104.71424314
184600,Rotoorangi,017,Waipa District,03,Waikato Region,182.14561342,182.14561342,90679.4024317
184700,Tokanui,017,Waipa District,03,Waikato Region,23.70023443,23.70023443,28826.5933695
184800,Kihikihi Central,017,Waipa District,03,Waikato Region,2.23827328,2.23827328,8116.63055591
185200,Pirongia Forest,018,Otorohanga District,03,Waikato Region,490.81175732,490.81175732,276447.171695
185300,Honikiwi,018,Otorohanga District,03,Waikato Region,245.59488147,245.59488147,119773.444559
185400,Te Kawa,018,Otorohanga District,03,Waikato Region,114.6216833,114.6216833,74827.6831458
185600,Maihiihi,018,Otorohanga District,03,Waikato Region,469.06115673,469.06115673,136458.618362
185700,Puniu,018,Otorohanga District,03,Waikato Region,674.00927389,674.00927389,177320.268819
185800,Tirau,019,South Waikato District,03,Waikato Region,293.08359847,293.08359847,115109.966604
185900,Putararu Rural,019,South Waikato District,03,Waikato Region,555.81487087,555.81487087,166063.155799
186100,Kinleith,019,South Waikato District,03,Waikato Region,947.51920391,947.51920391,177272.431939
186200,Paraonui,019,South Waikato District,03,Waikato Region,2.36086267,2.36086267,6727.00088006
186400,Matarawa,019,South Waikato District,03,Waikato Region,1.96237305,1.96237305,6303.41668883
186900,Inlet Waitomo District,020,Waitomo District,03,Waikato Region,0,13.38761155,58894.0110426
187000,Herangi,020,Waitomo District,03,Waikato Region,1668.16159433,1668.16159433,314284.034634
187500,Waipa Valley,020,Waitomo District,03,Waikato Region,817.65193556,817.65193556,203617.370754
187600,Tiroa,020,Waitomo District,08,Manawatu-Wanganui Region,182.31571302,182.31571302,68477.4840392
187700,Marotiri,021,Taupo District,03,Waikato Region,744.19100622,744.19100622,146011.095712
187800,Ohakuri,021,Taupo District,03,Waikato Region,542.95012231,542.95012231,123710.123407
187900,Lake Taupo Bays,021,Taupo District,03,Waikato Region,1154.32106235,1170.01259759,335153.036065
188000,Mapara,021,Taupo District,03,Waikato Region,140.66578656,140.66578656,79055.704871
188900,Mountview,021,Taupo District,03,Waikato Region,1.12441529,1.12441529,4768.33884124
189500,Kaimanawa,021,Taupo District,03,Waikato Region,1342.16797644,1342.16797644,274894.573283
189900,Taharua,021,Taupo District,06,Hawke's Bay Region,784.24519964,784.24519964,222357.675914
190000,Te More,021,Taupo District,08,Manawatu-Wanganui Region,47.9225809,47.9225809,33420.011116
190100,Waiau,022,Western Bay of Plenty District,04,Bay of Plenty Region,36.09189168,36.09189168,46707.2615994
190200,Waihi Beach-Bowentown,022,Western Bay of Plenty District,04,Bay of Plenty Region,6.31376044,6.31376044,24427.4719753
190300,Tahawai,022,Western Bay of Plenty District,04,Bay of Plenty Region,82.11505834,82.11505834,64701.2288875
190500,Aongatete,022,Western Bay of Plenty District,04,Bay of Plenty Region,164.80532649,164.80532649,89346.17376
190600,Katikati,022,Western Bay of Plenty District,04,Bay of Plenty Region,9.53350978,9.53350978,20029.1265466
190900,Pahoia,022,Western Bay of Plenty District,04,Bay of Plenty Region,112.79464921,112.79464921,66017.8945385
191100,Omokoroa Rural,022,Western Bay of Plenty District,04,Bay of Plenty Region,7.91891151,7.91891151,21581.5308223
191200,Te Puna,022,Western Bay of Plenty District,04,Bay of Plenty Region,18.16117528,18.16117528,33047.9279142
191300,Minden,022,Western Bay of Plenty District,04,Bay of Plenty Region,85.9241753,85.9241753,54966.2442501
191400,Kaimai,022,Western Bay of Plenty District,04,Bay of Plenty Region,327.89614832,327.89614832,107262.032498
191500,Kopurererua,022,Western Bay of Plenty District,04,Bay of Plenty Region,20.27143117,20.27143117,33836.6274721
191600,Kaitemako (Western Bay of Plenty District),022,Western Bay of Plenty District,04,Bay of Plenty Region,75.76194374,75.76194374,52549.7451353
191700,Waiorohi,022,Western Bay of Plenty District,04,Bay of Plenty Region,152.65885299,152.65885299,77502.6119859
191800,Otawa,022,Western Bay of Plenty District,04,Bay of Plenty Region,151.68324512,151.68324512,81988.8791519
192500,Pongakawa,022,Western Bay of Plenty District,04,Bay of Plenty Region,389.04568471,389.04568471,98537.2775034
193100,Bellevue,023,Tauranga City,04,Bay of Plenty Region,1.71527291,1.71527291,6788.44688278
193600,Brookfield East,023,Tauranga City,04,Bay of Plenty Region,1.32201854,1.32201854,7023.5392134
194600,Gate Pa,023,Tauranga City,04,Bay of Plenty Region,2.06965832,2.06965832,7407.86261835
194900,Arataki North,023,Tauranga City,04,Bay of Plenty Region,2.1608091,2.1608091,8774.90572987
195800,Te Maunga North,023,Tauranga City,04,Bay of Plenty Region,1.16256108,1.16256108,5727.29500557
196200,Te Maunga South,023,Tauranga City,04,Bay of Plenty Region,2.31423361,2.31423361,7310.06194837
196400,Ohauiti,023,Tauranga City,04,Bay of Plenty Region,3.40557714,3.40557714,9892.33865599
196600,Welcome Bay West,023,Tauranga City,04,Bay of Plenty Region,1.11373492,1.11373492,4582.97460186
196800,Pacific View,023,Tauranga City,04,Bay of Plenty Region,1.16275871,1.16275871,5043.37083121
197300,Doncaster,023,Tauranga City,04,Bay of Plenty Region,2.33577478,2.33577478,8071.1573632
197500,Motiti,023,Tauranga City,04,Bay of Plenty Region,1.2475687,1.2475687,5963.83694698
197700,Tui Ridge,024,Rotorua District,04,Bay of Plenty Region,220.92233992,220.92233992,81225.7729225
197800,Arahiwi,024,Rotorua District,03,Waikato Region,62.85592643,62.85592643,44795.8842447
197900,Ngongotaha Valley,024,Rotorua District,04,Bay of Plenty Region,177.50382279,177.50382279,80530.8403099
198300,Inland water Lake Rotorua,024,Rotorua District,04,Bay of Plenty Region,0,81.05021207,48117.6832728
198700,Rotoiti-Rotoehu,024,Rotorua District,04,Bay of Plenty Region,404.02095341,467.95761264,121573.710034
199100,Pukehangi North,024,Rotorua District,04,Bay of Plenty Region,1.18204631,1.18204631,5160.81932021
199500,Mangakakahi West,024,Rotorua District,04,Bay of Plenty Region,1.01720246,1.01720246,6644.95064106
200300,Victoria,024,Rotorua District,04,Bay of Plenty Region,0.51768216,0.51768216,3789.42165362
200400,Waiohewa,024,Rotorua District,04,Bay of Plenty Region,63.44520372,63.44520372,59496.0765355
200800,Glenholme South,024,Rotorua District,04,Bay of Plenty Region,0.87693773,0.87693773,4575.5503271
201600,Ngakuru,024,Rotorua District,03,Waikato Region,446.44346781,446.44346781,116985.061318
202500,Coastlands,025,Whakatane District,04,Bay of Plenty Region,15.66282467,15.66282467,20268.3635164
203100,Wainui,025,Whakatane District,04,Bay of Plenty Region,86.55992412,86.55992412,94069.1958261
203200,Ohope,025,Whakatane District,04,Bay of Plenty Region,6.33352733,6.33352733,29239.6939905
203300,Inlet Ohiwa Harbour West,025,Whakatane District,04,Bay of Plenty Region,0,14.71364994,52324.6169065
203400,Galatea,025,Whakatane District,04,Bay of Plenty Region,2199.74679017,2199.74679017,325122.81804
203500,Waingarara-Waimana,025,Whakatane District,04,Bay of Plenty Region,1448.10314214,1448.10314214,234264.533081
206500,Centennial Crescent,028,Gisborne District,05,Gisborne Region,0.81897584,0.81897584,6061.68142809
207100,Outer Kaiti,028,Gisborne District,05,Gisborne Region,1.45393022,1.45393022,5789.47082478
207200,Tamarau,028,Gisborne District,05,Gisborne Region,1.11472725,1.11472725,6252.45853495
207300,Wainui-Okitu,028,Gisborne District,05,Gisborne Region,5.34890978,5.34890978,21400.5856597
207400,Maungataniwha-Raupunga,029,Wairoa District,06,Hawke's Bay Region,2080.86461659,2080.86461659,330880.756566
207500,Inland water Lake Waikaremoana,029,Wairoa District,06,Hawke's Bay Region,0,52.97709698,103565.369348
207600,Frasertown-Ruakituri,029,Wairoa District,06,Hawke's Bay Region,1333.27143233,1333.27143233,264788.121145
207700,Whakaki,029,Wairoa District,06,Hawke's Bay Region,183.51589967,183.51589967,95495.8401859
207900,Mahia,029,Wairoa District,06,Hawke's Bay Region,472.00240092,472.00240092,171841.001775
208000,Puketitiri-Tutira,030,Hastings District,06,Hawke's Bay Region,2432.98000295,2432.98000295,362620.724079
208100,Sherenden-Crownthorpe,030,Hastings District,06,Hawke's Bay Region,765.96321956,765.96321956,195545.881749
208200,Maraekakaho,030,Hastings District,06,Hawke's Bay Region,820.40789419,820.40789419,190189.459514
208300,Puketapu-Eskdale,030,Hastings District,06,Hawke's Bay Region,244.82888924,244.82888924,131402.487051
208400,Omahu-Pakowhai,030,Hastings District,06,Hawke's Bay Region,45.66291032,45.66291032,55894.8566902
208700,Poukawa,030,Hastings District,06,Hawke's Bay Region,339.92750582,339.92750582,107441.364675
208800,Flaxmere West,030,Hastings District,06,Hawke's Bay Region,0.9172791,0.9172791,5470.0566068
209000,Lochain Park,030,Hastings District,06,Hawke's Bay Region,0.93643965,0.93643965,5472.45145891
209300,Irongate,030,Hastings District,06,Hawke's Bay Region,8.2825163,8.2825163,16918.1122157
209400,Frimley,030,Hastings District,06,Hawke's Bay Region,2.02508798,2.02508798,5870.55820529
210600,Tomoana Crossing,030,Hastings District,06,Hawke's Bay Region,0.83806947,0.83806947,5311.52374721
212200,Kahuranaki,030,Hastings District,06,Hawke's Bay Region,368.10840277,368.10840277,108593.130923
212300,Bay View,031,Napier City,06,Hawke's Bay Region,29.20685591,29.20685591,35492.3406301
215500,Mangaonuku,032,Central Hawke's Bay District,06,Hawke's Bay Region,537.41805675,537.41805675,147701.084028
215600,Makaretu,032,Central Hawke's Bay District,06,Hawke's Bay Region,788.69926081,788.69926081,163558.951546
215800,Waipukurau West,032,Central Hawke's Bay District,06,Hawke's Bay Region,5.77306149,5.77306149,13671.4715432
215900,Mangarara,032,Central Hawke's Bay District,06,Hawke's Bay Region,838.26365281,838.26365281,177446.255352
216000,Waipukurau East,032,Central Hawke's Bay District,06,Hawke's Bay Region,2.26275476,2.26275476,7378.90008044
216100,Taurekaitai,032,Central Hawke's Bay District,06,Hawke's Bay Region,1153.81953227,1153.81953227,209984.170651
216200,Port Taranaki,033,New Plymouth District,07,Taranaki Region,1.56915864,1.56915864,15465.5727939
216400,Omata,033,New Plymouth District,07,Taranaki Region,21.59947441,21.59947441,47375.708327
216600,Moturoa,033,New Plymouth District,07,Taranaki Region,1.01672273,1.01672273,6664.78747358
218200,Ferndale,033,New Plymouth District,07,Taranaki Region,1.7914269,1.7914269,7837.00175157
220000,Toko,034,Stratford District,07,Taranaki Region,228.45223646,228.45223646,105048.0943
220100,Stratford North,034,Stratford District,07,Taranaki Region,3.28542371,3.28542371,10088.1016029
220200,Whangamomona,034,Stratford District,08,Manawatu-Wanganui Region,689.60101386,689.60101386,209189.102231
220500,Cape Egmont,035,South Taranaki District,07,Taranaki Region,434.17712627,434.17712627,100656.036974
220800,Kaponga-Mangatoki,035,South Taranaki District,07,Taranaki Region,172.80744455,172.80744455,95298.8655116
220900,Manaia-Kapuni,035,South Taranaki District,07,Taranaki Region,109.37614226,109.37614226,54939.7567977
221100,Okaiawa,035,South Taranaki District,07,Taranaki Region,102.1126928,102.1126928,52438.7161155
221200,Te Roti-Moeroa,035,South Taranaki District,07,Taranaki Region,361.9401729,361.9401729,158671.997955
221300,Egmont Showgrounds,035,South Taranaki District,07,Taranaki Region,4.40122899,4.40122899,11563.3993683
221400,Normanby-Tawhiti,035,South Taranaki District,07,Taranaki Region,49.49870505,49.49870505,62019.7299441
221500,Ohangai,035,South Taranaki District,07,Taranaki Region,331.77788619,331.77788619,128598.814655
221700,King Edward Park,035,South Taranaki District,07,Taranaki Region,1.08208134,1.08208134,5367.58643543
221800,Ramanui,035,South Taranaki District,07,Taranaki Region,13.60097831,13.60097831,18231.0089082
221900,Hawera Central,035,South Taranaki District,07,Taranaki Region,1.78428964,1.78428964,6584.39105117
222000,Mangawhio,035,South Taranaki District,07,Taranaki Region,1368.58551638,1368.58551638,216128.828759
222100,Manutahi-Waitotora,035,South Taranaki District,07,Taranaki Region,293.21970057,293.21970057,131473.925191
222300,Otangiwai-Ohura,036,Ruapehu District,08,Manawatu-Wanganui Region,2011.6969254,2011.6969254,361829.367481
222400,Ngapuke,036,Ruapehu District,08,Manawatu-Wanganui Region,621.82804299,621.82804299,213528.592095
222800,National Park,036,Ruapehu District,08,Manawatu-Wanganui Region,1375.2791188,1375.2791188,251210.230072
222900,Tangiwai,036,Ruapehu District,08,Manawatu-Wanganui Region,2696.63922093,2696.63922093,424670.442568
223200,Waiouru,036,Ruapehu District,08,Manawatu-Wanganui Region,5.01061607,5.01061607,11981.8874442
223300,Upper Whanganui,037,Whanganui District,08,Manawatu-Wanganui Region,1849.8869241,1849.8869241,390605.338607
223400,Mowhanau,037,Whanganui District,08,Manawatu-Wanganui Region,170.18010928,170.18010928,67018.4958485
223500,Brunswick-Papaiti,037,Whanganui District,08,Manawatu-Wanganui Region,51.53191453,51.53191453,50132.8129579
223700,Otamatea (Whanganui District),037,Whanganui District,08,Manawatu-Wanganui Region,2.23072627,2.23072627,9609.23779027
225000,College Estate,037,Whanganui District,08,Manawatu-Wanganui Region,1.35036959,1.35036959,6031.42325249
225200,Gonville West,037,Whanganui District,08,Manawatu-Wanganui Region,0.73840657,0.73840657,4176.02792875
226000,Putiki,037,Whanganui District,08,Manawatu-Wanganui Region,3.35323267,3.35323267,11137.3088352
226100,Mokai Patea,038,Rangitikei District,08,Manawatu-Wanganui Region,2475.07259964,2475.07259964,450149.201451
226200,Ngamatea,038,Rangitikei District,06,Hawke's Bay Region,611.55273062,611.55273062,197143.647516
226300,Turakina,038,Rangitikei District,08,Manawatu-Wanganui Region,276.63273659,276.63273659,139714.1348
226400,Otairi,038,Rangitikei District,08,Manawatu-Wanganui Region,636.74210386,636.74210386,178832.480133
227400,Oroua Downs,039,Manawatu District,08,Manawatu-Wanganui Region,125.29442201,125.29442201,53181.0755617
227500,Awahuri,039,Manawatu District,08,Manawatu-Wanganui Region,124.43983021,124.43983021,62373.6634911
227600,Pohangina-Apiti,039,Manawatu District,08,Manawatu-Wanganui Region,681.60445157,681.60445157,167030.500003
227800,Taikorea,039,Manawatu District,08,Manawatu-Wanganui Region,152.98037817,152.98037817,62898.2732931
228300,Kimbolton West,039,Manawatu District,08,Manawatu-Wanganui Region,1.16104554,1.16104554,4991.46269863
228500,Kimbolton South,039,Manawatu District,08,Manawatu-Wanganui Region,1.35407415,1.35407415,5823.46347568
229300,Milson South,040,Palmerston North City,08,Manawatu-Wanganui Region,1.22972877,1.22972877,6304.6875986
230100,Takaro South,040,Palmerston North City,08,Manawatu-Wanganui Region,0.87652777,0.87652777,4595.26252285
232400,Aokautere,040,Palmerston North City,08,Manawatu-Wanganui Region,7.14236648,7.14236648,13502.2791129
232700,Poutoa,040,Palmerston North City,08,Manawatu-Wanganui Region,7.06626001,7.06626001,14344.8830674
232800,Norsewood,041,Tararua District,08,Manawatu-Wanganui Region,397.44403009,397.44403009,131308.703852
232900,Papatawa,041,Tararua District,08,Manawatu-Wanganui Region,230.05556796,230.05556796,111756.118081
233000,Mangatainoka,041,Tararua District,08,Manawatu-Wanganui Region,496.79175202,496.79175202,158784.295072
233200,Dannevirke West,041,Tararua District,08,Manawatu-Wanganui Region,2.07393805,2.07393805,12105.1497812
233400,Waitahora,041,Tararua District,08,Manawatu-Wanganui Region,538.20962008,538.20962008,163078.124573
233500,Kaitawa,041,Tararua District,08,Manawatu-Wanganui Region,583.13477661,583.13477661,129432.411747
233700,Nireaha-Eketahuna,041,Tararua District,08,Manawatu-Wanganui Region,892.66126249,892.66126249,193325.811636
233800,Owhanga,041,Tararua District,08,Manawatu-Wanganui Region,1142.49374118,1142.49374118,190792.266608
233900,Mara,041,Tararua District,09,Wellington Region,69.09321449,69.09321449,63078.3243311
234000,Kere Kere,042,Horowhenua District,08,Manawatu-Wanganui Region,228.65669052,228.65669052,112463.036254
234300,Foxton South,042,Horowhenua District,08,Manawatu-Wanganui Region,7.03783479,7.03783479,17794.2210574
234500,Waikawa (Horowhenua District),042,Horowhenua District,08,Manawatu-Wanganui Region,62.17806512,62.17806512,43407.7912713
234700,Donnelly Park,042,Horowhenua District,08,Manawatu-Wanganui Region,1.90373975,1.90373975,6508.67745684
235700,Fairfield (Horowhenua District),042,Horowhenua District,08,Manawatu-Wanganui Region,1.73854801,1.73854801,5928.87253572
236000,Makahika,042,Horowhenua District,08,Manawatu-Wanganui Region,170.22393169,170.22393169,76976.4144749
236100,Kimberley,042,Horowhenua District,08,Manawatu-Wanganui Region,129.45237271,129.45237271,62565.5797921
236700,Waitohu,043,Kapiti Coast District,09,Wellington Region,0.73786828,0.73786828,4230.80805807
237900,Maungakotukutuku,043,Kapiti Coast District,09,Wellington Region,112.70257144,112.70257144,79799.7572716
238200,Tararua Forest Park,043,Kapiti Coast District,09,Wellington Region,365.62861879,365.62861879,158448.718421
238500,Raumati South,043,Kapiti Coast District,09,Wellington Region,5.64356708,5.64356708,12582.421573
238900,Paekakariki Hill,044,Porirua City,09,Wellington Region,35.79013933,35.79013933,36505.8162149
239400,Pauatahanui,044,Porirua City,09,Wellington Region,75.94763155,75.94763155,60142.4671098
239700,Inlet Porirua Harbour,044,Porirua City,09,Wellington Region,0,7.23251559,26398.987505
240000,Papakowhai,044,Porirua City,09,Wellington Region,1.43041419,1.43041419,5516.56863423
241200,Akatarawa,045,Upper Hutt City,09,Wellington Region,334.14450961,334.14450961,123317.55392
241300,Riverstone Terraces,045,Upper Hutt City,09,Wellington Region,2.23627391,2.23627391,7945.19461254
241900,Elderslea,045,Upper Hutt City,09,Wellington Region,1.39534058,1.39534058,4688.6869504
242400,Ebdentown,045,Upper Hutt City,09,Wellington Region,0.91108117,0.91108117,4750.79279559
242500,Wallaceville,045,Upper Hutt City,09,Wellington Region,0.69904586,0.69904586,3700.55196808
242800,Pinehaven,045,Upper Hutt City,09,Wellington Region,5.59306858,5.59306858,11432.2923415
245700,Gracefield,046,Lower Hutt City,09,Wellington Region,3.74657297,3.87484192,14995.0248527
246100,Waterloo East,046,Lower Hutt City,09,Wellington Region,1.0814609,1.0814609,5283.75906565
246800,Pencarrow,046,Lower Hutt City,09,Wellington Region,268.41613939,268.41613939,127374.15985
246900,Wainuiomata West,046,Lower Hutt City,09,Wellington Region,2.10678832,2.10678832,8896.98386258
247500,Makara-Ohariu,047,Wellington City,09,Wellington Region,177.4893094,177.4893094,96514.2290631
248300,Churton Park South,047,Wellington City,09,Wellington Region,1.2513825,1.2513825,6474.61630387
249400,Karori Park,047,Wellington City,09,Wellington Region,2.02897574,2.02897574,7674.1363105
250200,Khandallah South,047,Wellington City,09,Wellington Region,0.72509191,0.72509191,4517.64114306
250500,Onslow,047,Wellington City,09,Wellington Region,0.76795605,0.76795605,4741.73737755
251800,Courtenay,047,Wellington City,09,Wellington Region,0.32438997,0.36867396,2754.01339305
252100,Vivian East,047,Wellington City,09,Wellington Region,0.28635627,0.28635627,2434.65592712
253300,Berhampore,047,Wellington City,09,Wellington Region,1.3970853,1.3970853,6170.66736881
253400,Hataitai South,047,Wellington City,09,Wellington Region,0.42816595,0.42816595,3373.67622339
254800,Miramar East,047,Wellington City,09,Wellington Region,0.84721367,0.84721367,6789.51559853
254900,Miramar South,047,Wellington City,09,Wellington Region,0.98412225,0.98412225,4302.67798559
255300,Kopuaranga,048,Masterton District,09,Wellington Region,458.25262168,458.25262168,145080.813062
255400,Upper Plain,048,Masterton District,09,Wellington Region,85.22872091,85.22872091,54472.4243345
255500,Opaki,048,Masterton District,09,Wellington Region,36.04228775,36.04228775,34153.6865419
256500,Whareama,048,Masterton District,09,Wellington Region,1596.02691146,1596.02691146,258936.336472
256600,Homebush-Te Ore Ore,048,Masterton District,09,Wellington Region,103.12091743,103.12091743,76949.1690144
256700,McJorrow Park,048,Masterton District,09,Wellington Region,0.90130046,0.90130046,4984.98783246
256800,Mount Holdsworth,049,Carterton District,09,Wellington Region,432.87463762,432.87463762,128075.183645
257000,Kokotau,049,Carterton District,09,Wellington Region,120.46381889,120.46381889,53762.9822359
259600,Oceanic Wellington Region,999,Area Outside Territorial Authority,09,Wellington Region,0,7732.50478808,814555.916428
259700,Inlet Wellington Harbour,999,Area Outside Territorial Authority,09,Wellington Region,0,85.44112695,72967.8585441
259900,Oceanic Manawatu-Wanganui Region East,999,Area Outside Territorial Authority,08,Manawatu-Wanganui Region,0,1012.63400722,140395.748909
300200,Oceanic Tasman Region,051,Tasman District,16,Tasman Region,0,5002.99845751,550091.081382
300300,Golden Bay/Mohua,051,Tasman District,16,Tasman Region,2249.73910215,2249.73910215,468728.695621
300400,Inlets Golden Bay,051,Tasman District,16,Tasman Region,0,113.85249545,217816.762715
300600,Pohara-Abel Tasman,051,Tasman District,16,Tasman Region,326.0483113,326.0483113,151566.143754
301100,Motueka North,051,Tasman District,16,Tasman Region,2.55778061,2.55778061,8876.81390375
301200,Motueka West,051,Tasman District,16,Tasman Region,7.86796618,7.86796618,13049.6314388
301400,Inlets Motueka,051,Tasman District,16,Tasman Region,0,10.65244627,38008.9149885
301500,Golden Downs,051,Tasman District,16,Tasman Region,1819.63044701,1819.63044701,258892.308869
301600,Moutere Hills,051,Tasman District,16,Tasman Region,98.44482794,98.44482794,75510.8921856
301700,Ruby Bay-Mapua,051,Tasman District,16,Tasman Region,9.77064433,9.77064433,19472.1054971
301800,Murchison-Nelson Lakes,051,Tasman District,16,Tasman Region,3706.00959221,3739.51507603,345717.861799
301900,Inlet Waimea West,051,Tasman District,16,Tasman Region,0,23.19921716,84772.831291
302000,Islands Tasman District,051,Tasman District,16,Tasman Region,15.90350317,15.90350317,45566.5432074
302100,Waimea West,051,Tasman District,16,Tasman Region,59.29971623,59.29971623,42287.8541344
302500,Wakefield Rural,051,Tasman District,16,Tasman Region,375.7630612,375.7630612,156026.9068
303500,Aniseed Valley,051,Tasman District,16,Tasman Region,57.21723276,57.21723276,47006.0022788
303600,Nelson Rural,052,Nelson City,17,Nelson Region,366.39272637,366.39272637,158468.474331
303700,Inlets Nelson City,052,Nelson City,17,Nelson Region,0,25.01652992,75473.1522719
304100,Tahunanui,052,Nelson City,17,Nelson Region,1.61396958,1.61396958,6470.34922563
304200,Britannia,052,Nelson City,17,Nelson Region,0.84028368,0.84028368,5509.47951491
305400,Maitlands,052,Nelson City,17,Nelson Region,0.7687914,0.7687914,4694.73259461
306100,Daelyn,052,Nelson City,17,Nelson Region,1.47284125,1.47284125,6908.95694179
306200,The Brook,052,Nelson City,17,Nelson Region,6.9047881,6.9047881,14570.756634
306300,Marlborough Sounds West,053,Marlborough District,18,Marlborough Region,1553.98807264,1553.98807264,829373.701772
306400,Marlborough Sounds Coastal Marine,053,Marlborough District,18,Marlborough Region,0,1999.55440744,1870678.50773
306500,Marlborough Sounds East,053,Marlborough District,18,Marlborough Region,1043.545793,1043.545793,1071747.84316
306600,Upper Wairau,053,Marlborough District,18,Marlborough Region,4177.4971468,4177.4971468,418968.037293
306900,Tuamarina,053,Marlborough District,18,Marlborough Region,167.83682533,167.83682533,76064.5846057
307000,Awatere,053,Marlborough District,18,Marlborough Region,3273.48642662,3286.27810772,493097.612654
307200,Lower Wairau,053,Marlborough District,18,Marlborough Region,116.6983818,116.6983818,119113.881478
307300,Woodbourne,053,Marlborough District,18,Marlborough Region,80.14899448,80.14899448,74103.2875688
309900,Barrytown,056,Grey District,12,West Coast Region,733.51036178,733.51036178,196162.102881
310500,Marsden,056,Grey District,12,West Coast Region,1.23848941,1.23848941,8510.36585702
310800,Greymouth Rural,056,Grey District,12,West Coast Region,340.00564297,340.00564297,98432.9828118
310900,Dobson,056,Grey District,12,West Coast Region,169.65863562,169.65863562,74704.4419512
311000,Nelson Creek,056,Grey District,12,West Coast Region,897.61275153,897.61275153,171065.827373
311100,Lake Brunner,056,Grey District,12,West Coast Region,1301.25647929,1342.02856747,240568.690418
311200,Haast,057,Westland District,12,West Coast Region,4099.07139229,4105.50585711,425697.654951
311300,Westland Glaciers-Bruce Bay,057,Westland District,12,West Coast Region,3057.41344911,3071.06607245,312865.88574
311400,Arahura-Kumara,057,Westland District,12,West Coast Region,262.26880035,262.26880035,89068.5655585
311600,Inlets Westland District,057,Westland District,12,West Coast Region,0,26.34156937,86977.2455254
313400,Loburn,059,Waimakariri District,13,Canterbury Region,89.42703787,89.42703787,52719.0192888
313500,Eyrewell,059,Waimakariri District,13,Canterbury Region,272.10761782,272.10761782,73137.5166795
314200,Rangiora North East,059,Waimakariri District,13,Canterbury Region,2.02010357,2.02010357,8702.63476651
314300,Oxford Estate,059,Waimakariri District,13,Canterbury Region,0.52355057,0.52355057,2918.92477388
315400,Pegasus,059,Waimakariri District,13,Canterbury Region,6.33812437,6.33812437,11461.3181693
316400,McLeans Island,060,Christchurch City,13,Canterbury Region,73.94350948,73.94350948,58217.7340847
316500,Paparua,060,Christchurch City,13,Canterbury Region,23.34162419,23.34162419,21771.7574951
317100,Brooklands-Spencerville,060,Christchurch City,13,Canterbury Region,7.24724585,7.24724585,25407.5785529
317200,Styx,060,Christchurch City,13,Canterbury Region,32.71289524,32.71289524,33380.9977618
322100,Malvern,060,Christchurch City,13,Canterbury Region,0.99002148,0.99002148,4606.02946554
322700,Wharenui,060,Christchurch City,13,Canterbury Region,0.83895558,0.83895558,3683.40547825
324400,Riccarton South,060,Christchurch City,13,Canterbury Region,0.54475455,0.54475455,3573.15996682
325200,Riccarton East,060,Christchurch City,13,Canterbury Region,0.20811641,0.20811641,2160.74871285
325500,Tower Junction,060,Christchurch City,13,Canterbury Region,1.07287164,1.07287164,5547.56032157
325800,Christchurch Central-North,060,Christchurch City,13,Canterbury Region,0.77759649,0.77759649,4667.65597476
326300,Oaklands East,060,Christchurch City,13,Canterbury Region,1.30062237,1.30062237,5487.54974246
328400,Wainoni,060,Christchurch City,13,Canterbury Region,1.50391215,1.50391215,6018.81594163
329700,Sydenham South,060,Christchurch City,13,Canterbury Region,0.55360982,0.55360982,3083.12946077
331600,Port Hills,060,Christchurch City,13,Canterbury Region,44.48171644,44.48171644,74264.814389
332300,Inlets other Christchurch City,060,Christchurch City,13,Canterbury Region,0,36.58700965,103851.69649
332600,Inlet Port Lyttelton,060,Christchurch City,13,Canterbury Region,0,42.65055545,79597.3816193
332800,Teddington,060,Christchurch City,13,Canterbury Region,46.15547118,46.15547118,62276.8530078
332900,Diamond Harbour,060,Christchurch City,13,Canterbury Region,4.06451978,4.06451978,15101.6718679
333000,Inland water Lake Ellesmere/Te Waihora South,060,Christchurch City,13,Canterbury Region,0,63.30783375,75227.8130289
333100,Banks Peninsula South,060,Christchurch City,13,Canterbury Region,371.90876014,377.85763862,181184.703378
333200,Eastern Bays-Banks Peninsula,060,Christchurch City,13,Canterbury Region,368.22831163,368.22831163,212477.2409
333300,Akaroa Harbour,060,Christchurch City,13,Canterbury Region,162.25415912,162.25415912,149357.806838
333400,Inlet Akaroa Harbour,060,Christchurch City,13,Canterbury Region,0,44.26434418,64794.1248685
333600,Craigieburn,062,Selwyn District,13,Canterbury Region,3407.42882008,3444.16017829,326289.620989
333700,Torlesse,062,Selwyn District,13,Canterbury Region,414.2003312,414.2003312,119860.388507
333800,Glenroy-Hororata,062,Selwyn District,13,Canterbury Region,644.35235632,644.35235632,139601.043178
333900,Glentunnel,062,Selwyn District,13,Canterbury Region,159.68294866,159.68294866,72621.3686524
334200,Bankside,062,Selwyn District,13,Canterbury Region,359.56369825,359.56369825,99670.5089584
334700,Burnham Camp,062,Selwyn District,13,Canterbury Region,1.49394208,1.49394208,5113.87620371
335900,Ladbrooks,062,Selwyn District,13,Canterbury Region,50.03923547,50.03923547,48622.830885
336800,Ashburton Forks,063,Ashburton District,13,Canterbury Region,858.450443,858.450443,144801.497064
337000,Ealing-Lowcliffe,063,Ashburton District,13,Canterbury Region,413.21879132,413.21879132,91706.1317356
337100,Eiffelton,063,Ashburton District,13,Canterbury Region,434.14680861,435.0087906,104241.390535
337200,Chertsey,063,Ashburton District,13,Canterbury Region,572.51139594,572.51139594,117555.099066
337300,Winchmore-Wakanui,063,Ashburton District,13,Canterbury Region,312.07354733,312.07354733,116821.148586
338200,Tinwald South,063,Ashburton District,13,Canterbury Region,2.79307049,2.79307049,11071.4781428
338300,Ashburton East,063,Ashburton District,13,Canterbury Region,0.77867209,0.77867209,5233.83384022
338400,Netherby,063,Ashburton District,13,Canterbury Region,1.09301422,1.09301422,4309.80669872
338600,Ben McLeod,064,Timaru District,13,Canterbury Region,842.34141983,842.34141983,238699.76907
339000,Rangitata,064,Timaru District,13,Canterbury Region,172.13007105,172.13007105,96201.8194242
339100,Waitohi (Timaru District),064,Timaru District,13,Canterbury Region,371.70240733,371.70240733,125336.858162
339600,Temuka East,064,Timaru District,13,Canterbury Region,4.29829941,4.29829941,11025.8823669
340200,Marchwiel West,064,Timaru District,13,Canterbury Region,0.84044759,0.84044759,4760.17094568
341000,Watlington,064,Timaru District,13,Canterbury Region,1.20719933,1.20719933,5420.77096151
341100,Timaru Central,064,Timaru District,13,Canterbury Region,0.8240427,0.8240427,4375.35186692
342600,Morven-Glenavy-Ikawai,066,Waimate District,13,Canterbury Region,386.31251307,386.31251307,102759.750935
342900,Oceanic Chatham Islands,067,Chatham Islands Territory,99,Area Outside Region,0,12583.8398682,856014.073666
343000,Chatham Islands,067,Chatham Islands Territory,99,Area Outside Region,793.94659384,993.8493519,359671.504841
343100,Aviemore,068,Waitaki District,13,Canterbury Region,3483.63797474,3532.6404532,426303.916438
343200,Inland water Lake Ohau,068,Waitaki District,13,Canterbury Region,0,59.76085292,45324.6089255
343300,Danseys Pass,068,Waitaki District,13,Canterbury Region,711.49333783,711.49333783,150717.183342
343400,Ngapara,068,Waitaki District,14,Otago Region,1134.59407083,1134.59407083,190728.610389
344000,Oamaru North Orana Park,068,Waitaki District,14,Otago Region,2.76059371,2.76059371,7009.34537943
344800,Lindis-Nevis Valleys,069,Central Otago District,14,Otago Region,2884.62229617,2904.778319,406922.803209
345100,Manuherikia-Ida Valleys,069,Central Otago District,14,Otago Region,2511.48365288,2511.48365288,303901.507151
345200,Earnscleugh,069,Central Otago District,14,Otago Region,391.85621352,394.25674066,104160.046876
345300,Dunstan-Galloway,069,Central Otago District,14,Otago Region,444.43764322,444.43764322,121035.727445
346000,Glenorchy,070,Queenstown-Lakes District,14,Otago Region,1464.37156618,1464.37156618,259049.878926
346100,Inland water Lake Wanaka,070,Queenstown-Lakes District,14,Otago Region,0,201.00413578,209396.257726
346200,Outer Wakatipu,070,Queenstown-Lakes District,14,Otago Region,1880.05940322,1880.05940322,301695.551293
347200,Upper Clutha Valley,070,Queenstown-Lakes District,14,Otago Region,161.06900552,161.06900552,72855.1469231
347300,Kingston,070,Queenstown-Lakes District,14,Otago Region,1012.53590033,1012.53590033,231742.080318
347500,Wakatipu Basin,070,Queenstown-Lakes District,14,Otago Region,59.51702521,59.51702521,62004.5189443
347700,Warren Park,070,Queenstown-Lakes District,14,Otago Region,0.93646739,0.93646739,6542.0986733
348300,Frankton Arm,070,Queenstown-Lakes District,14,Otago Region,1.20179441,1.20179441,7030.23149866
348500,Lake Hayes,070,Queenstown-Lakes District,14,Otago Region,5.92525278,8.76457562,16242.8993409
348700,Shotover Country,070,Queenstown-Lakes District,14,Otago Region,3.03647568,3.03647568,7735.40806762
348800,Lake Hayes Estate,070,Queenstown-Lakes District,14,Otago Region,1.93638722,1.93638722,6667.91128502
349000,Strath Taieri,071,Dunedin City,14,Otago Region,2114.97501667,2114.97501667,315524.026027
349100,Bucklands Crossing,071,Dunedin City,14,Otago Region,421.95631198,421.95631198,135185.173563
349300,Momona,071,Dunedin City,14,Otago Region,217.70291202,217.70291202,97029.5892085
349400,Taieri,071,Dunedin City,14,Otago Region,150.19445807,150.19445807,79545.6997085
349500,Inlets other Dunedin City,071,Dunedin City,14,Otago Region,0,16.57097911,63584.4531866
349900,Mosgiel Central,071,Dunedin City,14,Otago Region,1.23774547,1.23774547,6081.19752614
350200,Saddle Hill-Chain Hills,071,Dunedin City,14,Otago Region,47.41585798,47.41585798,58773.7479775
350800,Inlet Otago Harbour,071,Dunedin City,14,Otago Region,0,47.60293222,82179.4237125
352000,North East Valley Knox,071,Dunedin City,14,Otago Region,0.66777942,0.66777942,3455.9917374
352200,Gardens (Dunedin City),071,Dunedin City,14,Otago Region,1.51165737,1.51165737,6125.84831608
353400,Dunedin Central,071,Dunedin City,14,Otago Region,1.3070742,1.3070742,6451.30397985
353900,Otago Peninsula,071,Dunedin City,14,Otago Region,84.98696105,84.98696105,100189.99573
354700,Bathgate Park,071,Dunedin City,14,Otago Region,0.53137439,0.53137439,4492.82112975
355100,Broad Bay-Portobello,071,Dunedin City,14,Otago Region,3.59696267,3.59696267,19152.9232351
355200,St Kilda South,071,Dunedin City,14,Otago Region,1.13620034,1.13620034,5076.25749003
355800,West Otago,072,Clutha District,14,Otago Region,1374.56187455,1374.56187455,282592.182335
355900,Tuapeka,072,Clutha District,14,Otago Region,1235.24675803,1256.74853109,248756.515194
356000,Clinton,072,Clutha District,14,Otago Region,839.66081045,839.66081045,212945.612187
356100,Clutha Valley,072,Clutha District,14,Otago Region,747.33301687,747.33301687,185891.351738
356200,Bruce,072,Clutha District,14,Otago Region,879.67792953,885.94596522,169608.11331
356300,Catlins,072,Clutha District,14,Otago Region,1072.98704882,1072.98704882,264297.970957
357900,Longwood Forest,073,Southland District,15,Southland Region,2198.42405823,2230.52935753,333276.627836
358000,Ohai-Nightcaps,073,Southland District,15,Southland Region,948.81471909,948.81471909,174217.33896
358100,Riversdale-Piano Flat,073,Southland District,15,Southland Region,1578.8260167,1578.8260167,297339.043773
358200,Lumsden-Balfour,073,Southland District,15,Southland Region,767.62179088,767.62179088,171089.524687
358300,Oreti River,073,Southland District,15,Southland Region,629.95443303,629.95443303,149099.165412
358400,Otautau,073,Southland District,15,Southland Region,703.22598573,703.22598573,155400.088554
358500,Hedgehope,073,Southland District,15,Southland Region,729.25978699,729.25978699,158454.914969
358600,Winton,073,Southland District,15,Southland Region,3.07453728,3.07453728,10090.2335982
358700,Waianiwa,073,Southland District,15,Southland Region,228.59097719,228.59097719,79496.4953615
358800,Riverton,073,Southland District,15,Southland Region,8.74454549,8.74454549,22306.4960198
359000,Grove Bush,073,Southland District,15,Southland Region,145.56352456,145.56352456,72531.6295196
359100,Edendale-Woodlands,073,Southland District,15,Southland Region,385.3964417,385.3964417,102182.623556
359800,Gore North,074,Gore District,15,Southland Region,1.72781492,1.72781492,7287.47730571
359900,Gore West,074,Gore District,15,Southland Region,3.15771899,3.15771899,7515.77879487
360200,Gore Main,074,Gore District,15,Southland Region,0.6081923,0.6081923,4010.66731754
360400,Mataura,074,Gore District,15,Southland Region,5.32206082,5.32206082,16465.8822324
360800,Myross Bush,075,Invercargill City,15,Southland Region,20.49689847,20.49689847,27670.1509678
361200,Rosedale,075,Invercargill City,15,Southland Region,1.08588187,1.08588187,4197.08913145
361400,Hargest,075,Invercargill City,15,Southland Region,1.02953061,1.02953061,4399.82628292
362300,Kennington-Tisbury,075,Invercargill City,15,Southland Region,37.11911309,37.11911309,41396.6515577
100600,Ahipara,001,Far North District,01,Northland Region,4.52919466,4.52919466,15776.1734502
102800,Riverview,001,Far North District,01,Northland Region,6.21892511,6.21892511,20639.8896885
102900,Waipoua Forest,001,Far North District,01,Northland Region,277.80889901,277.80889901,105079.546645
134300,Karangahape,076,Auckland,02,Auckland Region,0.2856605,0.2856605,2602.34228082
192300,Maketu,022,Western Bay of Plenty District,04,Bay of Plenty Region,5.1545039,5.1545039,13610.0427605
100700,Kaitaia East,001,Far North District,01,Northland Region,5.26639829,5.26639829,12769.4621191
100800,Kaitaia West,001,Far North District,01,Northland Region,3.21189033,3.21189033,12457.6748246
100900,Rangitihi,001,Far North District,01,Northland Region,84.63288825,84.63288825,60647.2282765
101000,Oruru-Parapara,001,Far North District,01,Northland Region,103.36075462,103.36075462,67021.6017703
101100,Taumarumaru,001,Far North District,01,Northland Region,10.23412752,10.23412752,30406.1445722
101200,Herekino-Takahue,001,Far North District,01,Northland Region,303.69037071,303.69037071,158861.174562
101300,Peria,001,Far North District,01,Northland Region,199.58762842,199.58762842,98165.9665664
101400,Taemaro-Oruaiti,001,Far North District,01,Northland Region,156.74222305,156.74222305,97656.7532782
101500,Whakapaku,001,Far North District,01,Northland Region,200.88351093,200.88351093,130513.885746
101600,Hokianga North,001,Far North District,01,Northland Region,345.93483672,345.93483672,176049.90397
101700,Kohukohu-Broadwood,001,Far North District,01,Northland Region,209.19924243,209.19924243,98778.9564643
101800,Whakarara,001,Far North District,01,Northland Region,169.49618886,169.49618886,165628.960639
101900,Kaeo,001,Far North District,01,Northland Region,255.55967669,255.55967669,100821.303398
102000,Omahuta Forest-Horeke,001,Far North District,01,Northland Region,463.52160353,463.52160353,213687.355681
102100,Hokianga South,001,Far North District,01,Northland Region,126.08930327,126.08930327,145614.557063
102200,Lake Manuwai-Kapiro,001,Far North District,01,Northland Region,59.07330644,59.07330644,59541.8227831
102300,Okaihau,001,Far North District,01,Northland Region,147.59030098,160.01973675,88025.010893
102400,Rangitane-Purerua,001,Far North District,01,Northland Region,123.18610996,123.18610996,168714.748807
102500,Waipapa,001,Far North District,01,Northland Region,9.16015913,9.16015913,24124.1905448
102600,Puketotara,001,Far North District,01,Northland Region,55.26374103,55.26374103,59169.6873588
102700,Waima Forest,001,Far North District,01,Northland Region,236.99516982,236.99516982,96017.2788735
334400,Halkett,062,Selwyn District,13,Canterbury Region,86.01209235,86.01209235,42983.5941109
103000,Kerikeri Central,001,Far North District,01,Northland Region,3.71173616,3.71173616,11392.9755521
103100,Kerikeri South,001,Far North District,01,Northland Region,15.46843997,15.46843997,28094.536541
103300,Puketona-Waitangi,001,Far North District,01,Northland Region,156.40927377,156.40927377,145437.391759
103400,Ngapuhi,001,Far North District,01,Northland Region,175.3850347,175.3850347,102058.921793
103500,Kaikohe,001,Far North District,01,Northland Region,5.67503598,5.67503598,14225.5494414
103600,Pakaraka,001,Far North District,01,Northland Region,72.35973496,72.35973496,59873.5275802
214200,Pirimai West,031,Napier City,06,Hawke's Bay Region,0.61624116,0.61624116,3685.82106509
103700,Haruru,001,Far North District,01,Northland Region,1.52723246,1.52723246,8067.44970433
104500,Moerewa,001,Far North District,01,Northland Region,1.87566952,1.87566952,10465.7033072
103900,Paihia,001,Far North District,01,Northland Region,2.24210093,2.24210093,10595.0914173
119900,Unsworth Heights West,076,Auckland,02,Auckland Region,0.74886125,0.74886125,4939.17682958
104600,Kawakawa,001,Far North District,01,Northland Region,1.73142636,1.73142636,8879.06373588
105200,Hikurangi,002,Whangarei District,01,Northland Region,4.00025011,4.00025011,12216.0410286
107500,Morningside (Whangarei District),002,Whangarei District,01,Northland Region,1.2022607,1.2022607,5656.76918533
105500,Kamo West,002,Whangarei District,01,Northland Region,4.49938134,4.49938134,14570.105934
106100,Whau Valley,002,Whangarei District,01,Northland Region,7.17969858,7.17969858,15109.0489374
111000,Oceanic Auckland Region West,076,Auckland,02,Auckland Region,0,2384.01664203,279283.616463
111100,Warkworth West,076,Auckland,02,Auckland Region,11.35975623,11.35975623,22629.5509105
105800,Kamo East,002,Whangarei District,01,Northland Region,1.42717944,1.42717944,8019.25457151
105900,Granfield Reserve,002,Whangarei District,01,Northland Region,1.66092061,1.66092061,8484.26102154
111200,Puhoi Valley,076,Auckland,02,Auckland Region,236.54313963,236.54313963,142277.33988
106200,Tikipunga North,002,Whangarei District,01,Northland Region,2.74100136,2.74100136,9672.46746278
120000,Murrays Bay East,076,Auckland,02,Auckland Region,0.69822471,0.69822471,4367.77283406
106300,Pukenui,002,Whangarei District,01,Northland Region,19.19089358,19.19089358,24258.8546463
106400,Otangarei,002,Whangarei District,01,Northland Region,1.03952917,1.03952917,5126.75735233
120600,Massey Central,076,Auckland,02,Auckland Region,0.88432115,0.88432115,5217.60227002
106500,Tikipunga South,002,Whangarei District,01,Northland Region,2.74034795,2.74034795,8778.44485221
106600,Kensington (Whangarei District),002,Whangarei District,01,Northland Region,3.11258422,3.11258422,10755.9462642
156100,Dannemora North,076,Auckland,02,Auckland Region,0.54899463,0.54899463,3272.88239661
106900,Maunu-Horahora,002,Whangarei District,01,Northland Region,4.29878303,4.29878303,11385.5736109
107100,Whangarei Central,002,Whangarei District,01,Northland Region,2.81252363,2.81252363,11177.8908924
334500,Newtons Road,062,Selwyn District,13,Canterbury Region,153.13874701,153.13874701,67879.0093904
107200,Riverside,002,Whangarei District,01,Northland Region,3.50758706,3.50758706,13209.2775343
107300,Raumanga,002,Whangarei District,01,Northland Region,3.46030356,3.46030356,8400.61698851
158100,Ormiston South,076,Auckland,02,Auckland Region,1.70343205,1.70343205,5878.48522174
107900,Port-Limeburners,002,Whangarei District,01,Northland Region,7.41160663,7.41160663,14611.7351136
108200,Sherwood Rise,002,Whangarei District,01,Northland Region,1.3064605,1.3064605,5510.24558641
334600,West Melton,062,Selwyn District,13,Canterbury Region,5.31938768,5.31938768,14289.5229645
134400,Kingsland,076,Auckland,02,Auckland Region,0.77206873,0.77206873,5084.64340666
108300,Onerahi,002,Whangarei District,01,Northland Region,2.29351822,2.29351822,7711.77344181
334800,Rolleston Izone,062,Selwyn District,13,Canterbury Region,2.4331473,2.4331473,7322.51457875
111300,Warkworth East,076,Auckland,02,Auckland Region,4.21863212,4.21863212,11016.3000803
111400,Sandspit,076,Auckland,02,Auckland Region,22.44555208,22.44555208,36294.4770282
111500,Tawharanui Peninsula,076,Auckland,02,Auckland Region,46.70405234,46.70405234,77955.0762786
111600,Te Kuru,076,Auckland,02,Auckland Region,80.93238578,80.93238578,73015.2567462
111700,Snells Beach,076,Auckland,02,Auckland Region,3.82727893,3.82727893,13979.6700045
111800,Barrier Islands,076,Auckland,02,Auckland Region,320.40586223,320.40586223,371205.584598
111900,Algies Bay-Scotts Landing,076,Auckland,02,Auckland Region,15.36831152,15.36831152,44989.1714249
112000,Inlets other Auckland,076,Auckland,02,Auckland Region,0,123.14289892,600050.175715
336000,Lincoln West,062,Selwyn District,13,Canterbury Region,4.07103588,4.07103588,11130.4488032
108700,Marsden Bay,002,Whangarei District,01,Northland Region,2.58676114,2.58676114,8586.81600395
112100,Wainui-Waiwera,076,Auckland,02,Auckland Region,78.69959022,78.69959022,67283.3868514
112200,Parakai,076,Auckland,02,Auckland Region,1.45487644,1.45487644,7121.78005293
112400,Helensville,076,Auckland,02,Auckland Region,3.36589337,3.36589337,16088.6609078
108800,Ruakaka,002,Whangarei District,01,Northland Region,15.79852038,15.79852038,22752.4757639
115700,Gulf Harbour North,076,Auckland,02,Auckland Region,1.75709588,1.75709588,6842.19761652
134500,Anzac Avenue,076,Auckland,02,Auckland Region,0.10247702,0.10247702,1500.05295393
109300,Dargaville,003,Kaipara District,01,Northland Region,12.55873437,12.55873437,21534.2461427
109400,Ruawai-Matakohe,003,Kaipara District,01,Northland Region,530.45109334,530.45109334,248926.77564
109500,Otamatea (Kaipara District),003,Kaipara District,01,Northland Region,244.89159693,244.89159693,205611.207498
109600,Maungaturoto,003,Kaipara District,01,Northland Region,21.59967479,21.59967479,29297.5892171
109700,Kaiwaka,003,Kaipara District,01,Northland Region,259.02430195,259.02430195,204799.522767
109800,Mangawhai Rural,003,Kaipara District,01,Northland Region,91.18259719,91.18259719,89725.3875465
110100,Mangawhai,003,Kaipara District,01,Northland Region,1.99407383,1.99407383,8926.32212827
110500,Wellsford,076,Auckland,02,Auckland Region,4.55270466,4.55270466,11566.1478072
110600,Oceanic Auckland Region East,076,Auckland,02,Auckland Region,0,7823.26767201,1170836.05944
110700,South Head,076,Auckland,02,Auckland Region,339.79844554,339.79844554,208458.409824
110800,Kaipara Hills,076,Auckland,02,Auckland Region,282.56929208,282.56929208,126645.272478
110900,Dome Valley-Matakana,076,Auckland,02,Auckland Region,84.74846034,84.74846034,70087.5990829
112500,Waitoki,076,Auckland,02,Auckland Region,40.75614317,40.75614317,32616.8129983
112600,Waikoukou Valley,076,Auckland,02,Auckland Region,52.85457437,52.85457437,42565.7104416
112800,Hatfields Beach,076,Auckland,02,Auckland Region,0.92325465,0.92325465,4314.44053141
259500,Inlet Port Napier,999,Area Outside Territorial Authority,06,Hawke's Bay Region,0,0.23113523,3035.03273709
112900,Orewa South,076,Auckland,02,Auckland Region,2.31157328,2.31157328,11654.2269763
113100,Millwater North,076,Auckland,02,Auckland Region,1.75214746,1.75214746,7869.20439715
120800,Mairangi Bay South,076,Auckland,02,Auckland Region,0.80141736,0.80141736,4816.13694785
113300,Millwater South,076,Auckland,02,Auckland Region,2.41101686,2.41101686,9495.77900557
113400,Dairy Flat North,076,Auckland,02,Auckland Region,22.96899875,22.96899875,29603.8501822
211100,Parkvale,030,Hastings District,06,Hawke's Bay Region,1.24145795,1.24145795,5042.95553623
113500,Dairy Flat West,076,Auckland,02,Auckland Region,30.9797789,30.9797789,30855.9901074
113600,Kingsway,076,Auckland,02,Auckland Region,0.9031104,0.9031104,5632.98470752
113700,Riverhead Forest,076,Auckland,02,Auckland Region,48.42764364,48.42764364,43766.9948976
113800,Silverdale Central (Auckland),076,Auckland,02,Auckland Region,3.3615473,3.3615473,12566.0813572
120900,Massey Royal Road West,076,Auckland,02,Auckland Region,0.89641575,0.89641575,4351.70455466
113900,Red Beach West,076,Auckland,02,Auckland Region,1.83998365,1.83998365,9352.85759933
119000,Rothesay Bay,076,Auckland,02,Auckland Region,0.86585503,0.86585503,5250.87378552
114000,Red Beach East,076,Auckland,02,Auckland Region,1.56445571,1.56445571,6924.57740789
114200,Waimauku,076,Auckland,02,Auckland Region,5.63271738,5.63271738,16817.5494023
114500,Muriwai,076,Auckland,02,Auckland Region,3.01225115,3.01225115,11793.3153932
114600,Stanmore Bay West,076,Auckland,02,Auckland Region,0.98684481,0.98684481,4684.72503564
119600,Westgate South,076,Auckland,02,Auckland Region,1.70943917,1.70943917,6899.48617819
114900,Whangaparoa Central,076,Auckland,02,Auckland Region,3.69157782,3.69157782,9263.24695115
116500,Long Bay,076,Auckland,02,Auckland Region,2.78767498,2.78767498,10832.4010052
115000,Kumeu-Huapai,076,Auckland,02,Auckland Region,6.32167578,6.32167578,16740.4508208
119700,Windsor Park,076,Auckland,02,Auckland Region,0.8358418,0.8358418,4403.69530735
115200,Manly West,076,Auckland,02,Auckland Region,1.0323979,1.0323979,6337.03074496
115300,Muriwai Valley-Bethells Beach,076,Auckland,02,Auckland Region,35.35002568,35.35002568,45433.5843856
116700,Albany Heights,076,Auckland,02,Auckland Region,3.1040105,3.1040105,10337.3993075
134800,Auckland-University,076,Auckland,02,Auckland Region,0.34902817,0.34902817,2559.63030748
115400,Tindalls-Matakatia,076,Auckland,02,Auckland Region,2.93347638,2.93347638,10452.5268162
116900,Fairview Heights,076,Auckland,02,Auckland Region,1.60417495,1.60417495,5385.40121903
115800,Manly East,076,Auckland,02,Auckland Region,1.57463079,1.57463079,6400.18679486
117500,Glamorgan,076,Auckland,02,Auckland Region,0.95916761,0.95916761,4929.29990432
156200,Papatoetoe South,076,Auckland,02,Auckland Region,0.79596382,0.79596382,3709.25650279
336100,Lincoln East,062,Selwyn District,13,Canterbury Region,4.98779504,4.98779504,13178.2415649
336200,Leeston,062,Selwyn District,13,Canterbury Region,2.43680185,2.43680185,10922.6366304
336300,Tai Tapu,062,Selwyn District,13,Canterbury Region,56.81296525,56.81296525,35681.5975149
336400,Motukarara,062,Selwyn District,13,Canterbury Region,64.6356206,64.6356206,50658.6135261
336500,Inland water Lake Ellesmere/Te Waihora North,062,Selwyn District,13,Canterbury Region,0,135.00717847,82266.1561311
336600,Ashburton Lakes,063,Ashburton District,13,Canterbury Region,2995.11405477,3002.08023866,292171.598468
115900,Riverhead,076,Auckland,02,Auckland Region,4.04962102,4.04962102,12654.6200049
117600,Oteha East,076,Auckland,02,Auckland Region,0.76499032,0.76499032,4511.97741978
336700,Cairnbrae,063,Ashburton District,13,Canterbury Region,542.75539775,542.75539775,133239.162074
116200,Gulf Harbour South,076,Auckland,02,Auckland Region,2.42885442,2.67530904,9605.32536256
117700,Northcross,076,Auckland,02,Auckland Region,1.07077202,1.07077202,5329.65683713
117200,Torbay,076,Auckland,02,Auckland Region,1.43387594,1.43387594,7483.37785057
117800,Oteha West,076,Auckland,02,Auckland Region,0.52993903,0.52993903,3493.33660306
121900,Totara Vale South,076,Auckland,02,Auckland Region,0.89613967,0.89613967,5397.5839139
117400,Albany West,076,Auckland,02,Auckland Region,2.0568627,2.0568627,10001.2492945
157200,Rongomai East,076,Auckland,02,Auckland Region,0.58097595,0.58097595,3343.76110345
118000,Waitakere,076,Auckland,02,Auckland Region,15.28859066,15.28859066,23634.5583288
118100,Albany South,076,Auckland,02,Auckland Region,1.48565737,1.48565737,7474.81809733
118300,Browns Bay Central,076,Auckland,02,Auckland Region,1.18285533,1.18285533,5815.76054785
118600,North Harbour,076,Auckland,02,Auckland Region,5.48584296,5.48584296,13568.4496964
118800,Westgate Central,076,Auckland,02,Auckland Region,1.8634278,1.8634278,6191.59970446
118400,Schnapper Rock,076,Auckland,02,Auckland Region,2.21506337,2.21506337,8267.75469008
118500,Pinehill,076,Auckland,02,Auckland Region,1.6290621,1.6290621,5341.31597682
157500,Chapel Downs,076,Auckland,02,Auckland Region,0.76033315,0.76033315,4399.9876087
119100,Greenhithe East,076,Auckland,02,Auckland Region,1.4377182,1.4377182,7882.19049485
119800,West Harbour West,076,Auckland,02,Auckland Region,1.92694116,1.92694116,6747.06148557
134900,New Lynn Seabrook,076,Auckland,02,Auckland Region,0.72255598,0.72255598,3578.48860421
119400,Greenhithe South,076,Auckland,02,Auckland Region,3.64464938,3.64464938,13106.2833974
119500,Murrays Bay West,076,Auckland,02,Auckland Region,0.95621433,0.95621433,4533.51886141
215000,Marewa East,031,Napier City,06,Hawke's Bay Region,1.40396149,1.40396149,5110.52516162
120100,Birdwood West,076,Auckland,02,Auckland Region,5.93627497,5.93627497,13928.4801526
120700,West Harbour Luckens Point,076,Auckland,02,Auckland Region,0.9837843,0.9837843,5476.5804878
120300,West Harbour Clearwater Cove,076,Auckland,02,Auckland Region,1.35746453,1.67756469,8778.61854233
120400,Unsworth Heights East,076,Auckland,02,Auckland Region,1.10860017,1.10860017,4976.31510303
120500,Mairangi Bay North,076,Auckland,02,Auckland Region,0.92459866,0.92459866,4959.94816198
332500,Lyttelton,060,Christchurch City,13,Canterbury Region,4.45376131,4.45376131,23057.9408243
332700,Sumner,060,Christchurch City,13,Canterbury Region,2.63994355,2.63994355,11551.5302911
335600,Trents,062,Selwyn District,13,Canterbury Region,49.95590515,49.95590515,32328.7556259
333500,Akaroa,060,Christchurch City,13,Canterbury Region,2.03033969,2.03033969,11535.9473701
335700,Prebbleton,062,Selwyn District,13,Canterbury Region,5.09915758,5.09915758,11683.7659507
335800,Irwell,062,Selwyn District,13,Canterbury Region,128.14982826,128.14982826,83416.0115927
337500,Allenton South,063,Ashburton District,13,Canterbury Region,2.92667453,2.92667453,7128.66129768
334000,Darfield,062,Selwyn District,13,Canterbury Region,15.14334168,15.14334168,20447.8359764
334100,Kirwee,062,Selwyn District,13,Canterbury Region,97.18899939,97.18899939,47208.3718396
336900,Methven,063,Ashburton District,13,Canterbury Region,4.18282463,4.18282463,11651.5671448
121100,Swanson Rural,076,Auckland,02,Auckland Region,15.14616226,15.14616226,22552.5243098
121400,Bayview West,076,Auckland,02,Auckland Region,0.73396896,0.73396896,3779.41118559
121500,Totara Vale North,076,Auckland,02,Auckland Region,0.86626722,0.86626722,4158.79582413
121600,Royal Heights North,076,Auckland,02,Auckland Region,1.49511593,1.49511593,6741.27247326
121700,Massey West,076,Auckland,02,Auckland Region,1.1849268,1.1849268,7605.73856268
121800,Beach Haven West,076,Auckland,02,Auckland Region,1.20746626,1.20746626,6340.6018984
122000,Swanson,076,Auckland,02,Auckland Region,1.89457503,1.89457503,10271.1478847
122300,Royal Heights South,076,Auckland,02,Auckland Region,1.13131504,1.13131504,5549.87517791
122100,Bayview South,076,Auckland,02,Auckland Region,0.9336175,0.9336175,6040.29113492
122200,Campbells Bay,076,Auckland,02,Auckland Region,1.74294504,1.74294504,5829.86735674
144900,Stonefields West,076,Auckland,02,Auckland Region,0.54220765,0.54220765,3966.72411657
122400,Beach Haven East,076,Auckland,02,Auckland Region,1.1210382,1.1210382,6664.38518089
122500,Massey East,076,Auckland,02,Auckland Region,1.14447088,1.14447088,5572.49986423
123400,Forrest Hill West,076,Auckland,02,Auckland Region,1.23523515,1.23523515,5766.67263035
122700,Glenfield North,076,Auckland,02,Auckland Region,0.80678426,0.80678426,4482.49928276
122800,Birkdale North,076,Auckland,02,Auckland Region,1.38573759,1.38573759,6325.83277235
123500,Wairau Valley,076,Auckland,02,Auckland Region,2.56369966,2.56369966,11515.2314435
122900,Massey South,076,Auckland,02,Auckland Region,1.38681668,1.38681668,7292.86725902
123100,Glenfield West,076,Auckland,02,Auckland Region,0.97017189,0.97017189,4604.85811712
123600,Forrest Hill East,076,Auckland,02,Auckland Region,0.9244951,0.9244951,4209.04458834
145000,Onehunga Central,076,Auckland,02,Auckland Region,0.86447109,0.86447109,3941.59302231
337600,Rakaia,063,Ashburton District,13,Canterbury Region,11.30140458,11.30140458,15304.1777331
123200,Te Atatu Peninsula North West,076,Auckland,02,Auckland Region,1.11265303,1.11265303,6836.52199129
123300,Glenfield South West,076,Auckland,02,Auckland Region,1.19104281,1.19104281,5368.18913026
123700,Castor Bay,076,Auckland,02,Auckland Region,1.44371216,1.44371216,5358.90852152
123800,Ranui Domain,076,Auckland,02,Auckland Region,0.87018239,0.87018239,4713.47016044
124200,Ranui South West,076,Auckland,02,Auckland Region,0.73694043,0.73694043,3667.49729008
124300,Henderson Larnoch,076,Auckland,02,Auckland Region,0.96975579,0.96975579,5035.59687567
123900,Beach Haven South,076,Auckland,02,Auckland Region,1.34268059,1.34268059,7335.74704662
337700,Ashburton North,063,Ashburton District,13,Canterbury Region,20.64829883,20.64829883,28111.2793079
124400,Birkdale South,076,Auckland,02,Auckland Region,1.40730185,1.40730185,6533.87112746
337800,Allenton East,063,Ashburton District,13,Canterbury Region,1.23589573,1.23589573,4840.51550821
337900,Tinwald North,063,Ashburton District,13,Canterbury Region,1.90350444,1.90350444,6532.75226457
340100,Glenwood,064,Timaru District,13,Canterbury Region,1.04957951,1.04957951,5383.92739808
124100,Piha,076,Auckland,02,Auckland Region,5.23829056,5.23829056,18496.925448
124500,Te Atatu Peninsula Central,076,Auckland,02,Auckland Region,1.11352305,1.11352305,5683.46541504
124800,Te Atatu Peninsula West,076,Auckland,02,Auckland Region,1.42485166,1.42485166,8224.92794015
136000,Eden Terrace,076,Auckland,02,Auckland Region,0.84042383,0.84042383,4188.2391693
124900,Henderson Lincoln West,076,Auckland,02,Auckland Region,0.89798142,0.89798142,6787.96830993
125200,Birkenhead West,076,Auckland,02,Auckland Region,2.26151071,2.26151071,9384.19241757
136100,Grafton,076,Auckland,02,Auckland Region,0.64384033,0.64384033,5182.68022685
125100,Henderson Lincoln East,076,Auckland,02,Auckland Region,1.94435987,1.94435987,9279.99762705
125800,Hillcrest West (Auckland),076,Auckland,02,Auckland Region,0.88492421,0.88492421,4458.63579839
125300,Te Atatu Peninsula East,076,Auckland,02,Auckland Region,1.80979818,1.80979818,9462.72496918
129100,Sunnyvale East,076,Auckland,02,Auckland Region,2.66155376,2.66155376,7141.11211444
125400,Milford West,076,Auckland,02,Auckland Region,0.83343918,0.83343918,4375.82946774
125500,Westlake,076,Auckland,02,Auckland Region,0.68702661,0.68702661,3775.96906711
125600,Hillcrest North (Auckland),076,Auckland,02,Auckland Region,0.979803,0.979803,5755.11499326
125700,Henderson Lincoln South,076,Auckland,02,Auckland Region,1.35507644,1.35507644,6855.51654342
229100,Cloverlea (Palmerston North City),040,Palmerston North City,08,Manawatu-Wanganui Region,0.67606932,0.67606932,5002.09270163
125900,Milford Central,076,Auckland,02,Auckland Region,0.74357209,0.74357209,4399.91031931
126000,Summerland South,076,Auckland,02,Auckland Region,1.33401073,1.33401073,5568.64785843
126100,Summerland North,076,Auckland,02,Auckland Region,0.8509171,0.8509171,4669.18861036
126200,Hillcrest East (Auckland),076,Auckland,02,Auckland Region,1.06377776,1.06377776,4282.50931826
153600,Aorere Central,076,Auckland,02,Auckland Region,0.61986073,0.61986073,3874.23590879
338000,Ashburton Central,063,Ashburton District,13,Canterbury Region,2.5629037,2.5629037,12664.9873713
338100,Ashburton West,063,Ashburton District,13,Canterbury Region,0.45251945,0.45251945,3190.82620267
126300,Chatswood,076,Auckland,02,Auckland Region,3.06708747,3.06708747,9344.64092877
126500,Birkenhead North,076,Auckland,02,Auckland Region,1.01183016,1.01183016,5868.29169335
126600,Takapuna West,076,Auckland,02,Auckland Region,2.34723638,2.34723638,11466.8918956
126700,Henderson North,076,Auckland,02,Auckland Region,1.39367118,1.39367118,6951.63431338
126800,Takapuna Central,076,Auckland,02,Auckland Region,0.98523807,2.05181153,7927.33472467
338500,Hampstead,063,Ashburton District,13,Canterbury Region,1.4410195,1.4410195,5440.26831836
136300,Sandringham North,076,Auckland,02,Auckland Region,0.85701134,0.85701134,4392.78895493
235500,Queenwood (Horowhenua District),042,Horowhenua District,08,Manawatu-Wanganui Region,0.8260467,0.8260467,3851.93698266
126900,Western Heights (Auckland),076,Auckland,02,Auckland Region,1.35847366,1.35847366,6826.35467711
338700,Arundel,064,Timaru District,13,Canterbury Region,629.0307862,629.0307862,145556.729376
338800,Levels Valley,064,Timaru District,13,Canterbury Region,386.37963232,386.37963232,112161.397465
127000,Te Atatu South-Central,076,Auckland,02,Auckland Region,1.36320986,1.36320986,6826.22726723
127100,Northcote Central (Auckland),076,Auckland,02,Auckland Region,0.68691447,0.68691447,3534.37661724
127300,Northcote South (Auckland),076,Auckland,02,Auckland Region,1.14036773,1.14036773,5618.74044977
127400,Birkenhead South,076,Auckland,02,Auckland Region,1.3616869,1.3616869,6120.72678633
235600,Playford Park,042,Horowhenua District,08,Manawatu-Wanganui Region,0.85176783,0.85176783,3818.82877802
340000,Gleniti South,064,Timaru District,13,Canterbury Region,1.73692412,1.73692412,6694.15058301
341700,Inland water Lake Tekapo,065,Mackenzie District,13,Canterbury Region,0,93.86417969,74812.9140185
127500,Henderson Central,076,Auckland,02,Auckland Region,2.01570574,2.01570574,10091.380599
128500,Te Atatu South-McLeod South,076,Auckland,02,Auckland Region,1.10520842,1.10520842,5693.762455
127700,Te Atatu South-McLeod North,076,Auckland,02,Auckland Region,1.00774864,1.00774864,8027.44390341
127800,Henderson Valley Park,076,Auckland,02,Auckland Region,0.74972535,0.74972535,4698.8443379
128000,Waitakere Ranges South,076,Auckland,02,Auckland Region,101.55291731,101.55291731,62679.2093752
157700,Clover Park North,076,Auckland,02,Auckland Region,0.92445239,0.92445239,4284.7393456
128100,Northcote Tuff Crater,076,Auckland,02,Auckland Region,1.11349965,1.21439161,6148.52894392
128600,Takapuna South,076,Auckland,02,Auckland Region,0.50772238,0.50772238,4160.75735512
146200,Mount Wellington Ferndale,076,Auckland,02,Auckland Region,0.85764389,0.85764389,4722.08997944
128200,Northcote Point (Auckland),076,Auckland,02,Auckland Region,1.17316393,1.17316393,6546.53741209
128300,McLaren Park,076,Auckland,02,Auckland Region,1.08839966,1.08839966,4957.60937831
128400,Henderson East,076,Auckland,02,Auckland Region,0.79307011,0.79307011,3711.74725548
128800,Hauraki,076,Auckland,02,Auckland Region,1.09538224,1.09538224,5118.08808137
128900,Glendene North,076,Auckland,02,Auckland Region,1.40683624,1.40683624,6523.44388895
141300,Mount Roskill South,076,Auckland,02,Auckland Region,1.12967619,1.12967619,4688.57299857
129200,Point Chevalier West,076,Auckland,02,Auckland Region,1.3721462,1.3721462,8914.68831857
136400,Parnell West,076,Auckland,02,Auckland Region,1.64924938,1.64924938,6033.96854489
141400,Inlet Manukau Harbour,076,Auckland,02,Auckland Region,0,374.53476742,534290.153172
129400,Bayswater,076,Auckland,02,Auckland Region,1.09695276,1.2049067,7880.98498667
131700,Avondale West (Auckland),076,Auckland,02,Auckland Region,0.73982009,0.73982009,4558.07067702
129500,Glendene South,076,Auckland,02,Auckland Region,1.09874685,1.09874685,6508.03441887
130500,Kelston North,076,Auckland,02,Auckland Region,0.96688837,0.96688837,4616.06780233
129700,Herne Bay,076,Auckland,02,Auckland Region,0.87757898,0.87757898,5053.9338972
129800,Westmere North,076,Auckland,02,Auckland Region,0.64508194,0.64508194,4034.74206063
129900,Point Chevalier East,076,Auckland,02,Auckland Region,1.3805701,1.3805701,8040.5803759
130100,Glen Eden Rosier,076,Auckland,02,Auckland Region,1.2449007,1.2449007,6843.01752893
130200,Saint Marys Bay,076,Auckland,02,Auckland Region,0.84151164,1.50811645,5186.32626633
130300,Westmere South-Western Springs,076,Auckland,02,Auckland Region,2.0239517,2.0239517,9873.49389755
130400,Ponsonby West,076,Auckland,02,Auckland Region,0.64759435,0.64759435,4129.23988679
157800,Mission Heights North,076,Auckland,02,Auckland Region,1.07261785,1.07261785,4900.6800911
130600,Avondale Rosebank,076,Auckland,02,Auckland Region,1.02743184,1.02743184,6311.1394764
131000,Kelston South,076,Auckland,02,Auckland Region,0.83674884,0.83674884,4672.41528696
131800,Freemans Bay,076,Auckland,02,Auckland Region,1.03531949,1.03531949,4944.3415024
137900,Wesley West,076,Auckland,02,Auckland Region,0.75674571,0.75674571,4212.84739733
338900,Geraldine,064,Timaru District,13,Canterbury Region,3.12428734,3.12428734,12553.4102138
130700,Narrow Neck,076,Auckland,02,Auckland Region,1.82165846,1.82165846,8059.87077031
130800,Glen Eden North,076,Auckland,02,Auckland Region,0.73469348,0.73469348,4106.60165684
130900,Glen Eden Woodglen,076,Auckland,02,Auckland Region,1.30115218,1.30115218,5798.53298792
131100,Waterview,076,Auckland,02,Auckland Region,1.11624628,1.11624628,5366.48477929
131200,Ponsonby East,076,Auckland,02,Auckland Region,0.70309347,0.70309347,3718.06984188
131300,Wynyard-Viaduct,076,Auckland,02,Auckland Region,0.60002221,0.71686997,4400.42053378
131400,Stanley Point,076,Auckland,02,Auckland Region,0.99135758,0.99135758,7914.90342967
131500,Glen Eden Central,076,Auckland,02,Auckland Region,1.24685079,1.24685079,6764.79921693
132600,New Lynn North West,076,Auckland,02,Auckland Region,0.68978188,0.68978188,3497.22547612
339200,Pleasant Point,064,Timaru District,13,Canterbury Region,5.20861311,5.20861311,11261.9122575
339300,Temuka West,064,Timaru District,13,Canterbury Region,4.07223362,4.07223362,9649.51263222
131900,Mount Albert West,076,Auckland,02,Auckland Region,1.39102343,1.39102343,6808.13870688
132800,Grey Lynn Central,076,Auckland,02,Auckland Region,0.7119262,0.7119262,4907.94272725
132900,Fruitvale,076,Auckland,02,Auckland Region,0.85234856,0.85234856,4862.53127818
132000,Avondale North (Auckland),076,Auckland,02,Auckland Region,1.23589475,1.23589475,6892.55168097
132100,Grey Lynn West,076,Auckland,02,Auckland Region,0.80088144,0.80088144,4948.5144647
132200,Mount Albert North,076,Auckland,02,Auckland Region,1.51386859,1.51386859,5256.48791233
139100,Wesley East,076,Auckland,02,Auckland Region,0.60703951,0.60703951,3326.55603871
132300,New Lynn North,076,Auckland,02,Auckland Region,0.73911386,0.73911386,6407.29028067
132400,Victoria Park,076,Auckland,02,Auckland Region,0.44804587,0.44804587,3346.6844983
132500,Konini,076,Auckland,02,Auckland Region,1.97177354,1.97177354,7847.35819599
133000,Devonport,076,Auckland,02,Auckland Region,1.07887214,1.07887214,5450.41805751
133100,Avondale Central (Auckland),076,Auckland,02,Auckland Region,1.11579058,1.11579058,6545.14494321
133200,Queen Street,076,Auckland,02,Auckland Region,0.1684386,0.1684386,1960.2290624
134000,Cheltenham,076,Auckland,02,Auckland Region,0.81539284,0.81539284,4482.75090566
133300,Quay Street-Customs Street,076,Auckland,02,Auckland Region,1.21741902,1.21741902,12243.7187579
133400,Hobson Ridge Central,076,Auckland,02,Auckland Region,0.0633195,0.0633195,1021.31153122
133700,Shortland Street,076,Auckland,02,Auckland Region,0.12741288,0.12741288,2082.15101238
133800,Hobson Ridge South,076,Auckland,02,Auckland Region,0.13681235,0.13681235,2035.06121998
134100,Queen Street South West,076,Auckland,02,Auckland Region,0.22878128,0.22878128,2155.95963741
133900,New Lynn Central,076,Auckland,02,Auckland Region,1.17411458,1.17411458,8773.27837373
134200,Mount Albert Central,076,Auckland,02,Auckland Region,1.31350826,1.31350826,5778.48504369
134600,Waima-Woodlands Park,076,Auckland,02,Auckland Region,3.48423582,3.48423582,9961.14690929
134700,Kaurilands,076,Auckland,02,Auckland Region,1.46065432,1.46065432,5997.53059984
135000,Avondale South (Auckland),076,Auckland,02,Auckland Region,1.17694473,1.17694473,7159.76736934
135300,Symonds Street West,076,Auckland,02,Auckland Region,0.14529163,0.14529163,1993.17471484
135400,West Lynn,076,Auckland,02,Auckland Region,1.22670755,1.22670755,6189.10118286
158200,Mission Heights South,076,Auckland,02,Auckland Region,0.8695296,0.8695296,3910.55392305
135500,Owairaka West,076,Auckland,02,Auckland Region,0.91844119,0.91844119,5560.34249409
135600,New Lynn Central South,076,Auckland,02,Auckland Region,0.73971087,0.73971087,4812.303778
135700,The Strand,076,Auckland,02,Auckland Region,0.16919215,0.16919215,2688.13821459
135800,St Lukes,076,Auckland,02,Auckland Region,0.46163654,0.46163654,4242.36284151
135900,Symonds Street East,076,Auckland,02,Auckland Region,0.10348319,0.10348319,1576.713609
136500,New Lynn South,076,Auckland,02,Auckland Region,1.43631927,1.43631927,6863.05954442
136600,New Windsor North,076,Auckland,02,Auckland Region,0.86782731,0.86782731,5438.94167255
136900,Eden Valley,076,Auckland,02,Auckland Region,0.58402708,0.58402708,4862.54494022
137000,Sandringham Central,076,Auckland,02,Auckland Region,0.47285239,0.47285239,3852.63634443
141500,Epsom East,076,Auckland,02,Auckland Region,1.2682101,1.2682101,5956.94348564
137100,Glenavon,076,Auckland,02,Auckland Region,0.63982835,0.63982835,3991.96346995
137200,Blockhouse Bay North,076,Auckland,02,Auckland Region,0.92504226,0.92504226,4467.66014067
139500,Blockhouse Bay East,076,Auckland,02,Auckland Region,0.77910259,0.77910259,4741.54547984
137400,Parnell East,076,Auckland,02,Auckland Region,1.22522606,1.22522606,7300.49555362
137600,Sandringham West,076,Auckland,02,Auckland Region,0.47676203,0.47676203,3525.07103105
137700,Mount Eden North East,076,Auckland,02,Auckland Region,0.46591267,0.46591267,2889.87056688
137800,Mount Eden North,076,Auckland,02,Auckland Region,0.87610629,0.87610629,4647.30702021
138000,Green Bay South,076,Auckland,02,Auckland Region,1.25786551,1.25786551,7611.42580758
138100,Balmoral,076,Auckland,02,Auckland Region,0.78483196,0.78483196,4652.71566028
138200,Sandringham East,076,Auckland,02,Auckland Region,0.71514843,0.71514843,4466.55439891
138300,New Windsor South,076,Auckland,02,Auckland Region,1.11580508,1.11580508,5729.46575754
138400,Mount Eden West,076,Auckland,02,Auckland Region,0.79137388,0.79137388,4823.63186199
138500,Newmarket,076,Auckland,02,Auckland Region,1.07388064,1.07388064,4934.65073609
138600,Blockhouse Bay North East,076,Auckland,02,Auckland Region,0.52948071,0.52948071,3796.99987297
138700,Epsom North,076,Auckland,02,Auckland Region,1.07724265,1.07724265,5712.72396495
138800,Wesley South,076,Auckland,02,Auckland Region,0.68276936,0.68276936,5520.40078506
139000,Mount Eden East,076,Auckland,02,Auckland Region,0.76410516,0.76410516,4017.77777172
139200,Orakei West,076,Auckland,02,Auckland Region,1.35364764,1.45144851,8711.67090856
139400,Remuera West,076,Auckland,02,Auckland Region,0.88028066,0.88028066,4512.05532129
140300,Mount St John,076,Auckland,02,Auckland Region,1.24254309,1.24254309,5301.76436387
139600,Lynfield North,076,Auckland,02,Auckland Region,0.94091519,0.94091519,5539.71071779
139700,Mount Roskill North,076,Auckland,02,Auckland Region,0.95815631,0.95815631,3953.94284478
139800,Mount Roskill White Swan,076,Auckland,02,Auckland Region,1.04261875,1.04261875,5256.36449746
139900,Mount Eden South,076,Auckland,02,Auckland Region,0.87283197,0.87283197,4646.83525831
140400,Mount Roskill Central North,076,Auckland,02,Auckland Region,0.90100777,0.90100777,4083.0409873
141600,Remuera Waiata,076,Auckland,02,Auckland Region,0.94346871,0.94346871,4449.32923636
140000,Remuera Waitaramoa,076,Auckland,02,Auckland Region,1.69103717,1.69103717,7226.39367946
140100,Orakei East,076,Auckland,02,Auckland Region,1.70739002,1.70739002,7010.04569308
140200,Epsom Central-North,076,Auckland,02,Auckland Region,1.10588807,1.10588807,4365.09216981
235800,Taitoko,042,Horowhenua District,08,Manawatu-Wanganui Region,0.92016543,0.92016543,4696.63817377
140500,Remuera North,076,Auckland,02,Auckland Region,1.39678279,1.39678279,9766.26880426
140700,Mount Roskill Central South,076,Auckland,02,Auckland Region,1.20200685,1.20200685,4778.41113931
140800,Epsom Central-South,076,Auckland,02,Auckland Region,0.98346491,0.98346491,4405.41685007
141200,Three Kings East,076,Auckland,02,Auckland Region,0.67406887,0.67406887,3721.42500774
140900,Lynfield South,076,Auckland,02,Auckland Region,1.575593,1.575593,5854.93032428
141000,Remuera South,076,Auckland,02,Auckland Region,1.42953379,1.42953379,5844.73727498
141100,Mission Bay,076,Auckland,02,Auckland Region,1.54316812,1.54316812,6574.56355779
141800,Kohimarama,076,Auckland,02,Auckland Region,1.51551288,1.51551288,6929.41394466
141900,Meadowbank West,076,Auckland,02,Auckland Region,1.04159594,1.04159594,5874.11676261
142100,Hillsborough West (Auckland),076,Auckland,02,Auckland Region,0.84158981,0.84158981,4108.63175076
142200,Greenlane North,076,Auckland,02,Auckland Region,1.14324419,1.14324419,5208.16350064
142300,Waikowhai North,076,Auckland,02,Auckland Region,0.69805023,0.69805023,4741.93497706
142400,Remuera East,076,Auckland,02,Auckland Region,0.88581251,0.88581251,4827.59898306
142800,One Tree Hill,076,Auckland,02,Auckland Region,2.74928178,2.74928178,9302.93451348
142900,Hillsborough East (Auckland),076,Auckland,02,Auckland Region,0.63088972,0.63088972,4401.12331573
235900,Waiopehu,042,Horowhenua District,08,Manawatu-Wanganui Region,0.75926078,0.75926078,3546.79551867
236200,Kapiti Island,043,Kapiti Coast District,09,Wellington Region,19.25851521,19.25851521,28519.5708301
142500,Waikowhai South,076,Auckland,02,Auckland Region,1.3569043,1.3569043,8675.47485734
142700,Saint Heliers West,076,Auckland,02,Auckland Region,1.18574088,1.18574088,6188.58768002
144200,Ellerslie West,076,Auckland,02,Auckland Region,0.39993535,0.39993535,4450.71939592
143000,Saint Heliers North,076,Auckland,02,Auckland Region,1.33837278,1.33837278,5234.58207716
143100,Remuera Abbotts Park,076,Auckland,02,Auckland Region,1.02200966,1.02200966,5388.44682706
143200,Meadowbank East,076,Auckland,02,Auckland Region,0.65235233,0.65235233,4155.24935015
143300,Ellerslie Central,076,Auckland,02,Auckland Region,1.49455341,1.49455341,6281.46299577
162100,Takanini South,076,Auckland,02,Auckland Region,2.31946523,2.31946523,6690.96161703
143500,Saint Heliers South,076,Auckland,02,Auckland Region,1.22213447,1.22213447,7199.38423637
143600,Hillsborough South (Auckland),076,Auckland,02,Auckland Region,1.16003339,1.16003339,6069.32564846
143700,Saint Johns West,076,Auckland,02,Auckland Region,1.04254929,1.04254929,8541.9416176
143900,Remuera Waiatarua,076,Auckland,02,Auckland Region,1.57029283,1.57029283,8615.32539512
339700,Gleniti North,064,Timaru District,13,Canterbury Region,5.45839314,5.45839314,16701.859184
144000,Glendowie North,076,Auckland,02,Auckland Region,2.04093198,2.04093198,6754.65937575
144100,Onehunga West,076,Auckland,02,Auckland Region,1.12226088,1.12226088,4859.32924793
144300,Onehunga North,076,Auckland,02,Auckland Region,0.77236244,0.77236244,5129.93673993
144400,Ellerslie East,076,Auckland,02,Auckland Region,0.75500066,0.75500066,5028.47364694
144500,Saint Johns East,076,Auckland,02,Auckland Region,0.60554145,0.60554145,3641.54292013
144600,Oneroa West,076,Auckland,02,Auckland Region,8.42001025,8.42001025,25882.0114909
144700,Glen Innes West,076,Auckland,02,Auckland Region,1.36744793,1.36744793,6453.67947711
144800,Ellerslie South,076,Auckland,02,Auckland Region,0.82740695,0.82740695,4843.06295432
145100,Glendowie South,076,Auckland,02,Auckland Region,2.01355755,2.01355755,8117.35150372
145200,Oranga,076,Auckland,02,Auckland Region,0.66853336,0.66853336,3769.27607972
145300,Mount Wellington North West,076,Auckland,02,Auckland Region,0.92460656,0.92460656,5255.23355587
145400,Panmure Glen Innes Industrial,076,Auckland,02,Auckland Region,2.01306882,2.01306882,7650.75054704
350700,Fairfield (Dunedin City),071,Dunedin City,14,Otago Region,3.95623473,3.95623473,13050.7690879
145500,Onehunga-Te Papapa Industrial,076,Auckland,02,Auckland Region,3.03066329,3.03066329,12309.8961054
145700,Stonefields East,076,Auckland,02,Auckland Region,0.4456663,0.4456663,3488.74041581
146000,Mount Wellington North East,076,Auckland,02,Auckland Region,0.72707724,0.72707724,5119.3338045
146100,Mangere Bridge Ambury,076,Auckland,02,Auckland Region,3.14003923,3.14003923,13738.5254852
145800,Glen Innes East-Wai O Taiki Bay,076,Auckland,02,Auckland Region,1.39719321,1.39719321,5457.87551591
145900,Penrose,076,Auckland,02,Auckland Region,6.42109891,6.42109891,16546.3690974
146300,Point England,076,Auckland,02,Auckland Region,1.49144748,1.49144748,6988.69909853
146700,Panmure West,076,Auckland,02,Auckland Region,0.64420282,0.64420282,6094.39422469
149800,Pakuranga Central,076,Auckland,02,Auckland Region,1.12623986,1.12623986,4878.77282589
146400,Bucklands Beach North,076,Auckland,02,Auckland Region,1.38358081,1.38358081,8204.38979221
146500,Mount Wellington East,076,Auckland,02,Auckland Region,0.59950669,0.59950669,4813.07583192
146600,Mount Wellington West,076,Auckland,02,Auckland Region,0.77910143,0.77910143,3752.74901007
146800,Mangere Bridge,076,Auckland,02,Auckland Region,1.61801692,1.61801692,8075.59255949
147000,Tamaki,076,Auckland,02,Auckland Region,1.29535319,1.29535319,6065.99588512
148300,Bucklands Beach Central,076,Auckland,02,Auckland Region,0.57858447,0.57858447,3238.19215651
147100,Panmure East,076,Auckland,02,Auckland Region,1.01544659,1.01544659,8187.31856869
350900,Brockville,071,Dunedin City,14,Otago Region,1.47132967,1.47132967,5563.74444767
147200,Mount Wellington Central,076,Auckland,02,Auckland Region,1.20738685,1.20738685,7970.57148464
147300,Bays Waiheke Island,076,Auckland,02,Auckland Region,0,35.90977647,109882.077245
351000,Wakari,071,Dunedin City,14,Otago Region,2.20630571,2.20630571,6664.25733843
351100,Abbotsford,071,Dunedin City,14,Otago Region,2.36459521,2.36459521,9567.7738531
147700,Mount Wellington Industrial,076,Auckland,02,Auckland Region,3.33390434,3.33390434,14284.4403647
152000,Howick Central,076,Auckland,02,Auckland Region,0.85736036,0.85736036,4241.30515667
147800,Half Moon Bay West,076,Auckland,02,Auckland Region,1.13581355,1.28097083,6508.46882357
148400,Farm Cove,076,Auckland,02,Auckland Region,0.97579917,0.97579917,5887.26361485
148100,Sunnyhills West-Pakuranga North,076,Auckland,02,Auckland Region,1.62660244,1.62660244,9895.73002639
148500,Mangere North,076,Auckland,02,Auckland Region,0.71602837,0.71602837,4025.61650232
148200,Favona North,076,Auckland,02,Auckland Region,1.10913789,1.10913789,7017.07082519
148600,Favona West,076,Auckland,02,Auckland Region,0.85935422,0.85935422,4105.88619947
149100,Mount Wellington South West,076,Auckland,02,Auckland Region,0.69676276,0.69676276,4234.82966579
149200,Sunnyhills East,076,Auckland,02,Auckland Region,0.87367206,0.87367206,4058.98467816
149300,Half Moon Bay South East,076,Auckland,02,Auckland Region,0.83429938,0.83429938,3869.33698627
149400,Favona East,076,Auckland,02,Auckland Region,0.63568519,0.63568519,4089.08870051
149700,Bucklands Beach South,076,Auckland,02,Auckland Region,1.12045176,1.12045176,4850.52053004
149500,Mount Wellington South East,076,Auckland,02,Auckland Region,0.67497377,0.67497377,4519.92655636
351500,Maori Hill,071,Dunedin City,14,Otago Region,1.01060743,1.01060743,5654.19503388
351600,Roslyn (Dunedin City),071,Dunedin City,14,Otago Region,1.29448954,1.29448954,6346.6990824
149600,Otahuhu Industrial,076,Auckland,02,Auckland Region,1.84535772,1.84535772,8785.05336362
150000,Harania North,076,Auckland,02,Auckland Region,0.94437153,0.94437153,4995.25845262
351700,North East Valley Chingford,071,Dunedin City,14,Otago Region,1.0826699,1.0826699,4618.58676005
150100,Otahuhu Central,076,Auckland,02,Auckland Region,1.26371643,1.26371643,7877.18768451
150200,Mangere Central,076,Auckland,02,Auckland Region,1.44488086,1.44488086,5298.10817332
150300,Otahuhu North,076,Auckland,02,Auckland Region,0.72481482,0.72481482,5341.17813666
352900,Arthur Street,071,Dunedin City,14,Otago Region,0.71722271,0.71722271,4294.32247418
150500,Pakuranga Heights North West,076,Auckland,02,Auckland Region,0.76233989,0.76233989,4095.50951741
151300,Highland Park (Auckland),076,Auckland,02,Auckland Region,1.3763573,1.3763573,5932.14608824
152100,Massey Road North,076,Auckland,02,Auckland Region,0.85957729,0.85957729,5076.65019919
157900,Clover Park South,076,Auckland,02,Auckland Region,1.18316226,1.18316226,4791.43283914
150700,Pakuranga Heights East,076,Auckland,02,Auckland Region,1.7906606,1.7906606,7682.52912212
152200,Botany Downs West,076,Auckland,02,Auckland Region,0.81388435,0.81388435,4398.91578083
339800,Washdyke,064,Timaru District,13,Canterbury Region,10.65741138,10.65741138,16495.5959981
339900,Fairview,064,Timaru District,13,Canterbury Region,98.36975006,98.36975006,50820.9969428
150900,Otahuhu East,076,Auckland,02,Auckland Region,0.78725025,0.78725025,8482.4309745
151100,Onetangi,076,Auckland,02,Auckland Region,5.961637,5.961637,14453.0890144
151200,Harania South,076,Auckland,02,Auckland Region,0.77647104,0.77647104,4395.19663104
151400,Otahuhu South West,076,Auckland,02,Auckland Region,1.2416157,1.2416157,6507.4410695
151900,Otahuhu South,076,Auckland,02,Auckland Region,0.81751878,0.81751878,6526.97615714
158000,Donegal Park,076,Auckland,02,Auckland Region,0.90769672,0.90769672,3789.48111175
151500,Pakuranga Heights South West,076,Auckland,02,Auckland Region,0.97342709,0.97342709,6139.51638768
151600,Mangere Mascot,076,Auckland,02,Auckland Region,0.78432156,0.78432156,4050.13693477
151700,Waiheke East,076,Auckland,02,Auckland Region,87.58150591,87.58150591,146692.872989
151800,Massey Road West,076,Auckland,02,Auckland Region,0.69352142,0.69352142,5038.22481547
152400,Howick East,076,Auckland,02,Auckland Region,1.10919825,1.10919825,5207.06820048
152500,Burswood,076,Auckland,02,Auckland Region,0.52549252,0.52549252,5164.83770618
153700,Northpark North,076,Auckland,02,Auckland Region,0.86166842,0.86166842,4225.20024035
152700,Middlemore,076,Auckland,02,Auckland Region,0.7202557,0.7202557,4139.18209465
340300,Marchwiel East,064,Timaru District,13,Canterbury Region,0.93109401,0.93109401,4208.24163764
153100,Golflands,076,Auckland,02,Auckland Region,1.40769231,1.40769231,6282.08409037
340400,Highfield North,064,Timaru District,13,Canterbury Region,1.41108191,1.41108191,6029.16016354
340500,Highfield South,064,Timaru District,13,Canterbury Region,0.95030675,0.95030675,4671.08850285
153000,Grange,076,Auckland,02,Auckland Region,1.43178152,1.43178152,10330.4915899
153300,Mangere East,076,Auckland,02,Auckland Region,0.8686461,0.8686461,4354.49006661
153400,Cockle Bay,076,Auckland,02,Auckland Region,1.72842717,1.72842717,7463.48608606
153500,Otara West,076,Auckland,02,Auckland Region,1.55637466,1.55637466,7532.63898942
153800,Somerville,076,Auckland,02,Auckland Region,1.556066,1.556066,5226.6074991
153900,Northpark South,076,Auckland,02,Auckland Region,0.70661609,0.70661609,3592.23747686
154000,Papatoetoe North,076,Auckland,02,Auckland Region,0.99327426,0.99327426,5937.74162737
154200,Aorere South,076,Auckland,02,Auckland Region,1.23986273,1.23986273,4949.22467363
154500,Huntington Park,076,Auckland,02,Auckland Region,0.43602247,0.43602247,3399.09201764
154700,Botany North,076,Auckland,02,Auckland Region,0.92492593,0.92492593,4042.78988208
154300,Shelly Park,076,Auckland,02,Auckland Region,1.23160322,1.23160322,6092.09703691
154400,Otara Central,076,Auckland,02,Auckland Region,1.52354042,1.52354042,6514.94501357
156000,Botany Junction,076,Auckland,02,Auckland Region,2.48251702,2.48251702,6859.90147723
154900,Papatoetoe Central,076,Auckland,02,Auckland Region,1.45756102,1.45756102,6307.19997882
155000,Sunkist Bay,076,Auckland,02,Auckland Region,1.52794958,1.52794958,6538.49532379
155100,Otara East,076,Auckland,02,Auckland Region,0.86784541,0.86784541,4605.13304605
155300,Botany East,076,Auckland,02,Auckland Region,0.78145049,0.78145049,4124.74710745
155400,Botany South,076,Auckland,02,Auckland Region,0.74938028,0.74938028,3657.23584619
155500,Manukau Central,076,Auckland,02,Auckland Region,11.40347043,11.40347043,39791.9633912
155600,Papatoetoe East,076,Auckland,02,Auckland Region,1.06859241,1.06859241,5277.15069335
155700,Otara South,076,Auckland,02,Auckland Region,0.80187121,0.80187121,5458.84850142
155800,Ferguson,076,Auckland,02,Auckland Region,0.98687785,0.98687785,4493.91920615
155900,Papatoetoe South West,076,Auckland,02,Auckland Region,0.8285968,0.8285968,4377.78200314
156300,East Tamaki Heights,076,Auckland,02,Auckland Region,1.23138033,1.23138033,5008.54634296
156500,Puhinui North,076,Auckland,02,Auckland Region,0.70326337,0.70326337,4159.87319146
156600,Dannemora South,076,Auckland,02,Auckland Region,0.63838551,0.63838551,3987.18682587
156700,Puhinui South,076,Auckland,02,Auckland Region,0.5261099,0.5261099,3755.03212076
156800,Rongomai West,076,Auckland,02,Auckland Region,0.48507019,0.48507019,4752.62475682
156900,Baverstock,076,Auckland,02,Auckland Region,1.09060982,1.09060982,5343.78471261
157000,Puhinui East,076,Auckland,02,Auckland Region,0.60410137,0.60410137,4096.6434316
340600,Waimataitai-Maori Hill,064,Timaru District,13,Canterbury Region,1.49774365,1.49774365,7068.95649828
340700,Fraser Park,064,Timaru District,13,Canterbury Region,1.21556866,1.21556866,4933.49649994
340800,Seaview,064,Timaru District,13,Canterbury Region,0.73492871,0.73492871,3969.92186718
157400,Maraetai,076,Auckland,02,Auckland Region,6.87756456,6.87756456,15451.1228558
158300,Hilltop (Auckland),076,Auckland,02,Auckland Region,1.14159708,1.14159708,5537.40667223
158400,Wiri East,076,Auckland,02,Auckland Region,1.36807439,1.36807439,5977.487186
158500,Goodwood Heights,076,Auckland,02,Auckland Region,1.28157259,1.28157259,5263.28009048
158700,Clendon Park North,076,Auckland,02,Auckland Region,0.74920256,0.74920256,4622.38144479
158800,Burbank,076,Auckland,02,Auckland Region,0.64850807,0.64850807,3288.80183108
158900,Tuscany Heights,076,Auckland,02,Auckland Region,6.62922909,6.62922909,21081.4812077
159000,Totara Heights,076,Auckland,02,Auckland Region,0.85465897,0.85465897,3966.87713685
159100,Homai East,076,Auckland,02,Auckland Region,0.71246766,0.71246766,4228.70872128
159200,Homai West,076,Auckland,02,Auckland Region,0.91199682,0.91199682,4605.19029207
159300,The Gardens (Auckland),076,Auckland,02,Auckland Region,4.089009,4.089009,10876.5677296
159400,Clarks Beach,076,Auckland,02,Auckland Region,2.67358969,2.67358969,9500.05757589
160300,Hillpark South,076,Auckland,02,Auckland Region,1.08741456,1.08741456,4581.54574381
165500,Pukekohe West,076,Auckland,02,Auckland Region,2.20726084,2.20726084,7266.41283103
159500,Clendon Park West,076,Auckland,02,Auckland Region,0.59408604,0.59408604,3830.45571937
159600,Hillpark North,076,Auckland,02,Auckland Region,0.66048296,0.66048296,3832.03035016
159700,Clendon Park East,076,Auckland,02,Auckland Region,0.46283706,0.46283706,3370.85837478
159900,Rowandale West,076,Auckland,02,Auckland Region,0.68821829,0.68821829,3322.41006199
160000,Rowandale East,076,Auckland,02,Auckland Region,0.83150553,0.83150553,3783.74475954
160100,Manurewa Central,076,Auckland,02,Auckland Region,1.0739926,1.0739926,5628.46874891
160400,Alfriston,076,Auckland,02,Auckland Region,1.95225438,1.95225438,9202.76460598
160500,Weymouth East,076,Auckland,02,Auckland Region,0.98724324,0.98724324,5534.43235031
161200,Wattle Downs North,076,Auckland,02,Auckland Region,0.55995069,0.55995069,4062.07314752
160700,Weymouth South,076,Auckland,02,Auckland Region,1.0583023,1.0583023,5310.50084841
160800,Manurewa East,076,Auckland,02,Auckland Region,0.82830357,0.82830357,3942.26265153
160900,Manurewa South,076,Auckland,02,Auckland Region,1.21704371,1.21704371,5673.34012469
340900,Inlet Port Timaru,064,Timaru District,13,Canterbury Region,0,0.49029495,6122.03864071
342500,Waimate North,066,Waimate District,13,Canterbury Region,4.46429085,4.46429085,14124.4455688
342700,Waimate West,066,Waimate District,13,Canterbury Region,0.9267257,0.9267257,5563.7129579
161100,Wattle Downs West,076,Auckland,02,Auckland Region,1.47727217,1.47727217,8936.52869224
161300,Randwick Park West,076,Auckland,02,Auckland Region,0.70415333,0.70415333,4706.11883909
161400,Kingseat-Karaka,076,Auckland,02,Auckland Region,86.68303691,86.68303691,80947.3463604
161500,Wattle Downs East,076,Auckland,02,Auckland Region,1.01653039,1.01653039,5607.29898218
161600,Takanini North,076,Auckland,02,Auckland Region,5.27797252,5.27797252,10348.7667433
161700,Takanini Industrial,076,Auckland,02,Auckland Region,0.88082534,0.88082534,4519.85934893
165600,Cape Hill,076,Auckland,02,Auckland Region,0.71737513,0.71737513,3569.52235511
161800,Conifer Grove West,076,Auckland,02,Auckland Region,1.58524567,1.58524567,7393.64138532
161900,Conifer Grove East,076,Auckland,02,Auckland Region,0.64940367,0.64940367,4509.24273616
162000,Takanini West,076,Auckland,02,Auckland Region,0.68632776,0.68632776,4577.20817916
162200,Takanini Central,076,Auckland,02,Auckland Region,1.0758688,1.0758688,7123.59456461
162500,Hingaia,076,Auckland,02,Auckland Region,3.61458122,3.61458122,15786.8484701
162600,Takanini South East,076,Auckland,02,Auckland Region,1.46830602,1.46830602,5756.16617221
162700,Kawakawa Bay-Orere,076,Auckland,02,Auckland Region,208.77629104,208.77629104,112973.053252
163100,Pahurehure,076,Auckland,02,Auckland Region,1.20706182,1.20706182,6197.74474562
341800,Twizel,065,Mackenzie District,13,Canterbury Region,21.07146234,23.10237334,29408.7239033
341900,Opua (Mackenzie District),065,Mackenzie District,13,Canterbury Region,1978.37942911,1978.37942911,324956.698678
162900,Clevedon,076,Auckland,02,Auckland Region,49.97409979,49.97409979,41154.6389783
163000,Papakura North,076,Auckland,02,Auckland Region,1.24878307,1.24878307,5508.93964033
163200,Papakura Central,076,Auckland,02,Auckland Region,1.56524225,1.56524225,6783.53988926
163300,Papakura North East,076,Auckland,02,Auckland Region,1.48813302,1.48813302,7067.99150309
163500,Papakura Kelvin,076,Auckland,02,Auckland Region,1.0170488,1.0170488,4081.64773617
164100,Papakura Industrial,076,Auckland,02,Auckland Region,1.53812909,1.53812909,5864.33377871
215100,Onekawa South,031,Napier City,06,Hawke's Bay Region,1.08609464,1.08609464,4765.34188896
163800,Patumahoe,076,Auckland,02,Auckland Region,34.3789767,34.3789767,31292.4343653
163900,Papakura East,076,Auckland,02,Auckland Region,2.01763956,2.01763956,8261.55747879
164200,Red Hill,076,Auckland,02,Auckland Region,2.10299758,2.10299758,7808.99293434
164400,Tamakae,076,Auckland,02,Auckland Region,1.34096253,1.34096253,6637.62061236
198900,Fairy Springs,024,Rotorua District,04,Bay of Plenty Region,0.73745494,0.73745494,5389.57035958
164500,Hamilton Estate,076,Auckland,02,Auckland Region,2.25936313,2.25936313,10157.1402924
164700,Waiuku Central,076,Auckland,02,Auckland Region,1.13129482,1.13129482,7490.44218004
164900,Kendallvale,076,Auckland,02,Auckland Region,2.14461839,2.14461839,8918.47085365
165400,Anselmi Ridge,076,Auckland,02,Auckland Region,7.53407825,7.53407825,15411.4426661
165000,Puni,076,Auckland,02,Auckland Region,38.19125809,38.19125809,39382.0259732
165300,Pukekohe North West,076,Auckland,02,Auckland Region,4.78268248,4.78268248,12599.5466937
165100,Ramarama,076,Auckland,02,Auckland Region,43.61323226,43.61323226,35191.0064784
165800,Rooseville Park,076,Auckland,02,Auckland Region,1.34580916,1.34580916,6010.9457139
166000,Pukekohe Central,076,Auckland,02,Auckland Region,2.93912134,2.93912134,9211.79953431
166100,Pukekohe Hospital,076,Auckland,02,Auckland Region,0.73485622,0.73485622,4931.73288953
167700,Thames Central,011,Thames-Coromandel District,03,Waikato Region,1.27303449,1.27303449,8248.5913187
166300,Bombay Hills,076,Auckland,02,Auckland Region,31.67306887,31.67306887,37344.4784271
166400,Ararimu,076,Auckland,02,Auckland Region,90.92548169,90.92548169,58866.291035
166500,Colville,011,Thames-Coromandel District,03,Waikato Region,542.60414558,542.60414558,286133.307382
166600,Islands Thames-Coromandel District,011,Thames-Coromandel District,03,Waikato Region,35.38512732,35.38512732,186871.671702
167000,Whitianga North,011,Thames-Coromandel District,03,Waikato Region,12.51321515,12.51321515,25970.950887
199000,Western Heights (Rotorua District),024,Rotorua District,04,Bay of Plenty Region,1.02788372,1.02788372,4976.0946102
167100,Whitianga South,011,Thames-Coromandel District,03,Waikato Region,4.82697474,4.87532654,10703.3203992
169400,Waihi North,012,Hauraki District,03,Waikato Region,2.63786485,2.63786485,9147.3294637
167600,Thames North,011,Thames-Coromandel District,03,Waikato Region,2.6221865,2.6221865,13939.0908166
170300,Tuakau South,013,Waikato District,03,Waikato Region,2.65879041,2.65879041,11578.624236
167800,Thames South,011,Thames-Coromandel District,03,Waikato Region,3.27854971,3.27854971,10245.3311848
342000,Fairlie,065,Mackenzie District,13,Canterbury Region,4.95308417,4.95308417,14081.0666128
342100,Hakataramea,066,Waimate District,13,Canterbury Region,2059.65432342,2088.31124733,251487.285013
342200,Maungati,066,Waimate District,13,Canterbury Region,696.26398702,696.26398702,159074.267707
342300,Lyalldale,066,Waimate District,13,Canterbury Region,109.32700697,109.32700697,49042.5708997
342400,Makikihi-Willowbridge,066,Waimate District,13,Canterbury Region,294.9108799,294.9108799,108034.882106
170802,Te Kauwhata West,013,Waikato District,03,Waikato Region,6.54904673,6.54904673,15807.2116038
342800,Waimate East,066,Waimate District,13,Canterbury Region,2.60293037,2.60293037,9464.09145901
343500,Lower Waitaki,068,Waitaki District,14,Otago Region,172.93549806,172.93549806,77830.6474044
343600,Waihemo,068,Waitaki District,14,Otago Region,1312.35820393,1312.35820393,278627.546712
343700,Maheno,068,Waitaki District,14,Otago Region,262.42151874,262.42151874,129748.407556
343800,Weston,068,Waitaki District,14,Otago Region,3.30651893,3.30651893,12186.3364327
168000,Totora-Kopu,011,Thames-Coromandel District,03,Waikato Region,8.38949216,8.38949216,17688.0118497
168300,Matatoki-Puriri,011,Thames-Coromandel District,03,Waikato Region,161.08765897,161.08765897,78211.9603854
168400,Whangamata Rural,011,Thames-Coromandel District,03,Waikato Region,153.6759555,153.6759555,101735.089429
168500,Whangamata,011,Thames-Coromandel District,03,Waikato Region,8.46085358,8.46085358,28827.7916594
168600,Miranda-Pukorokoro,012,Hauraki District,03,Waikato Region,81.33903012,81.33903012,59709.5130511
168700,Hauraki Plains North,012,Hauraki District,03,Waikato Region,178.88448351,178.88448351,80747.3188678
168800,Hauraki Plains East,012,Hauraki District,03,Waikato Region,90.71347014,90.71347014,47468.9299159
168900,Ngatea,012,Hauraki District,03,Waikato Region,3.35011915,3.35011915,11582.0192577
169000,Hauraki Plains South,012,Hauraki District,03,Waikato Region,251.3472135,251.3472135,92612.4068311
169100,Paeroa Rural,012,Hauraki District,03,Waikato Region,272.59024746,272.59024746,124915.025483
169500,Waihi East,012,Hauraki District,03,Waikato Region,4.07789205,4.07789205,15985.3806885
172000,Ngaruawahia North,013,Waikato District,03,Waikato Region,3.71233567,3.71233567,8815.86823561
176500,Saint Andrews East,016,Hamilton City,03,Waikato Region,1.59423372,1.59423372,5880.29741935
169600,Waihi South,012,Hauraki District,03,Waikato Region,2.69091253,2.69091253,9211.80081579
169800,Mangatangi,013,Waikato District,03,Waikato Region,258.18745054,258.18745054,138335.406306
169900,Tuakau Rural,013,Waikato District,03,Waikato Region,46.00274736,46.00274736,57175.3157696
170000,Tuakau North,013,Waikato District,03,Waikato Region,2.69515135,2.69515135,9215.66389293
170100,Onewhero,013,Waikato District,03,Waikato Region,205.40043727,205.40043727,79959.0516501
170200,Pokeno Rural,013,Waikato District,03,Waikato Region,84.96211165,84.96211165,72249.0885612
170500,Pokeno,013,Waikato District,03,Waikato Region,10.1034516,10.1034516,15904.4914754
170600,Pukekawa,013,Waikato District,03,Waikato Region,140.86462886,140.86462886,65627.3156671
170700,Maramarua,013,Waikato District,03,Waikato Region,267.63983506,267.63983506,105768.256551
170801,Rangiriri,013,Waikato District,03,Waikato Region,130.81164483,166.2434074,110070.867314
172100,Ngaruawahia Central,013,Waikato District,03,Waikato Region,3.84713097,3.84713097,13164.4261954
171400,Huntly West,013,Waikato District,03,Waikato Region,5.77441253,5.77441253,16523.4937296
344300,Holmes Hill,068,Waitaki District,14,Otago Region,2.61928692,2.61928692,9481.50967273
171500,Huntly East,013,Waikato District,03,Waikato Region,11.35748845,11.35748845,21482.3134331
171600,Raglan,013,Waikato District,03,Waikato Region,4.90178671,4.90178671,25408.8699998
345400,Clyde,069,Central Otago District,14,Otago Region,2.0817272,2.0817272,6823.37397726
171900,Taupiri-Lake Kainui,013,Waikato District,03,Waikato Region,47.20301047,47.20301047,46788.060497
323800,St Albans North,060,Christchurch City,13,Canterbury Region,0.63729003,0.63729003,3263.48464809
172200,Ngaruawahia South,013,Waikato District,03,Waikato Region,4.42383165,4.42383165,12556.7108358
172400,Te Kowhai,013,Waikato District,03,Waikato Region,44.94853066,44.94853066,33478.8532331
172500,Whatawhata West,013,Waikato District,03,Waikato Region,50.68723006,50.68723006,47023.6870397
172600,Horotiu,013,Waikato District,03,Waikato Region,3.23027786,3.23027786,11466.8607951
172700,Horsham Downs,013,Waikato District,03,Waikato Region,15.78949498,15.78949498,24967.9815379
175400,Rotokauri-Waiwhakareke,016,Hamilton City,03,Waikato Region,7.10135379,7.10135379,17031.1758594
172800,Whatawhata East,013,Waikato District,03,Waikato Region,47.45929812,47.45929812,43866.0614246
206300,Mangapapa South,028,Gisborne District,05,Gisborne Region,0.84498227,0.84498227,4195.33382207
173000,Hamilton Park,013,Waikato District,03,Waikato Region,46.31842017,46.31842017,36516.8209632
176000,Pukete East,016,Hamilton City,03,Waikato Region,1.09134429,1.09134429,4909.51387993
173100,Eureka-Tauwhare,013,Waikato District,03,Waikato Region,135.54992361,135.54992361,65999.3574452
174000,Morrinsville West,015,Matamata-Piako District,03,Waikato Region,3.90334516,3.90334516,9823.12413476
173300,Pukemoremore,013,Waikato District,03,Waikato Region,43.27696466,43.27696466,42309.914768
173400,Tamahere South,013,Waikato District,03,Waikato Region,38.83551021,38.83551021,28204.6836889
173500,Tahuna-Mangateparu,015,Matamata-Piako District,03,Waikato Region,238.9259927,238.9259927,76422.0124193
173600,Mangaiti,015,Matamata-Piako District,03,Waikato Region,258.10134076,258.10134076,91032.7808144
173700,Tatuanui,015,Matamata-Piako District,03,Waikato Region,144.46187636,144.46187636,75659.4213704
173800,Tahuroa,015,Matamata-Piako District,03,Waikato Region,181.88057484,181.88057484,86187.6987124
352100,Belleknowes,071,Dunedin City,14,Otago Region,1.12695016,1.12695016,5535.18147811
173900,Morrinsville East,015,Matamata-Piako District,03,Waikato Region,3.87723599,3.87723599,10099.4921156
174100,Te Aroha East,015,Matamata-Piako District,03,Waikato Region,4.68067303,4.68067303,16250.5355671
175200,Te Rapa North,016,Hamilton City,03,Waikato Region,9.23197466,9.23197466,16995.6020406
209500,Camberley,030,Hastings District,06,Hawke's Bay Region,0.93079074,0.93079074,6008.03483241
174200,Te Aroha West,015,Matamata-Piako District,03,Waikato Region,6.29337507,6.29337507,16581.546857
174900,Matamata North,015,Matamata-Piako District,03,Waikato Region,2.13192215,2.13192215,8621.43992943
175300,Flagstaff North,016,Hamilton City,03,Waikato Region,1.7641832,1.7641832,6460.23944352
175500,Flagstaff South,016,Hamilton City,03,Waikato Region,1.63871473,1.63871473,6282.74664705
175600,Rototuna North,016,Hamilton City,03,Waikato Region,2.66472386,2.66472386,7010.33026499
175700,Pukete West,016,Hamilton City,03,Waikato Region,0.8397182,0.8397182,4599.36870388
175800,Flagstaff East,016,Hamilton City,03,Waikato Region,1.80597939,1.80597939,5737.59427315
175900,Rototuna Central,016,Hamilton City,03,Waikato Region,1.44366674,1.44366674,5685.92168703
176200,Rototuna South,016,Hamilton City,03,Waikato Region,1.97767227,1.97767227,6189.35022872
176300,Te Rapa South,016,Hamilton City,03,Waikato Region,3.92706785,3.92706785,12843.3702885
176400,Saint Andrews West,016,Hamilton City,03,Waikato Region,1.00595234,1.00595234,6574.63084292
176600,Queenwood (Hamilton City),016,Hamilton City,03,Waikato Region,1.48862883,1.48862883,5592.15491762
176700,St James,016,Hamilton City,03,Waikato Region,0.73392729,0.73392729,4835.45556091
176900,Huntington,016,Hamilton City,03,Waikato Region,1.26251318,1.26251318,5906.7774166
177000,Western Heights (Hamilton City),016,Hamilton City,03,Waikato Region,1.07152116,1.07152116,7444.92353802
328700,Sydenham West,060,Christchurch City,13,Canterbury Region,0.48794081,0.48794081,3276.72370419
177100,Nawton West,016,Hamilton City,03,Waikato Region,1.09006111,1.09006111,6293.87739761
177200,Nawton East,016,Hamilton City,03,Waikato Region,1.31850932,1.31850932,5233.89751562
177300,Chartwell,016,Hamilton City,03,Waikato Region,0.89675001,0.89675001,4168.40070209
177500,Chedworth,016,Hamilton City,03,Waikato Region,0.87746908,0.87746908,4894.93205053
178800,Kahikatea,016,Hamilton City,03,Waikato Region,0.97755525,0.97755525,7454.23061289
177600,Beerescourt,016,Hamilton City,03,Waikato Region,1.02007455,1.02007455,5313.32744286
177700,Miropiko,016,Hamilton City,03,Waikato Region,2.0789901,2.0789901,8421.60173651
177800,Porritt,016,Hamilton City,03,Waikato Region,1.23391249,1.23391249,5522.81808342
177900,Dinsdale North,016,Hamilton City,03,Waikato Region,1.52121058,1.52121058,7196.71896292
178000,Maeroa,016,Hamilton City,03,Waikato Region,1.27988267,1.27988267,6511.60163082
178100,Dinsdale South,016,Hamilton City,03,Waikato Region,1.56104917,1.56104917,6386.55208334
178200,Fairfield (Hamilton City),016,Hamilton City,03,Waikato Region,1.39912507,1.39912507,5114.54659619
352300,Kenmure,071,Dunedin City,14,Otago Region,1.10022034,1.10022034,5821.42866791
179400,Hamilton Central,016,Hamilton City,03,Waikato Region,1.15979791,1.15979791,6220.25870956
178300,Whitiora,016,Hamilton City,03,Waikato Region,0.90554719,0.90554719,5773.46537599
178500,Fairview Downs,016,Hamilton City,03,Waikato Region,1.12332664,1.12332664,6685.25938139
178600,Temple View,016,Hamilton City,03,Waikato Region,4.37308866,4.37308866,11327.6141423
352400,Campus West,071,Dunedin City,14,Otago Region,0.32165944,0.32165944,2748.87910649
178700,Swarbrick,016,Hamilton City,03,Waikato Region,0.50570516,0.50570516,3183.50092598
179600,Peachgrove,016,Hamilton City,03,Waikato Region,1.4355266,1.4355266,7611.71396066
178900,Frankton Junction,016,Hamilton City,03,Waikato Region,3.34097029,3.34097029,14148.9228859
179000,Kirikiriroa,016,Hamilton City,03,Waikato Region,0.50947204,0.50947204,2869.117023
179100,Enderley South,016,Hamilton City,03,Waikato Region,0.76575486,0.76575486,4925.7001756
179500,Hamilton Lake,016,Hamilton City,03,Waikato Region,1.86435898,2.42795572,7984.08026437
343900,Oamaru North Milner Park,068,Waitaki District,14,Otago Region,7.13438315,7.13438315,12393.3534748
179200,Ruakura,016,Hamilton City,03,Waikato Region,9.02473614,9.02473614,21575.9368087
179300,Claudelands,016,Hamilton City,03,Waikato Region,1.38374093,1.38374093,6187.11023664
353100,Campus North,071,Dunedin City,14,Otago Region,0.60673268,0.60673268,3698.37129293
179700,Hamilton East Village,016,Hamilton City,03,Waikato Region,1.32122462,1.32122462,6164.64994129
179800,Hamilton West,016,Hamilton City,03,Waikato Region,0.91466454,0.91466454,5874.47899102
179900,Greensboro,016,Hamilton City,03,Waikato Region,0.46632181,0.46632181,3361.81844892
180000,Hamilton East Cook,016,Hamilton City,03,Waikato Region,0.73364708,0.73364708,3565.28464189
180100,Melville North,016,Hamilton City,03,Waikato Region,0.68833641,0.68833641,5261.09693647
180200,Hamilton East,016,Hamilton City,03,Waikato Region,2.22133352,2.22133352,6512.23567073
180300,Melville South,016,Hamilton City,03,Waikato Region,0.98998225,0.98998225,6520.41747107
182900,Cambridge Park-River Garden,017,Waipa District,03,Waikato Region,3.01453775,3.01453775,7670.13482659
353200,Campus South,071,Dunedin City,14,Otago Region,0.47018426,0.47018426,2944.17645593
180500,Bader,016,Hamilton City,03,Waikato Region,1.09710994,1.09710994,4852.54136101
180800,Silverdale (Hamilton City),016,Hamilton City,03,Waikato Region,0.80222118,0.80222118,5029.04441603
183000,Oaklands-St Kilda,017,Waipa District,03,Waikato Region,1.68239069,1.68239069,6732.19216761
180900,Glenview,016,Hamilton City,03,Waikato Region,0.89460211,0.89460211,4969.62909525
181900,Pirongia,017,Waipa District,03,Waikato Region,3.26991434,3.26991434,9420.50936518
181200,Riverlea,016,Hamilton City,03,Waikato Region,1.73946533,1.73946533,7221.60442924
182700,Cambridge West,017,Waipa District,03,Waikato Region,2.23247221,2.23247221,7782.75816484
182800,Cambridge East,017,Waipa District,03,Waikato Region,1.58485862,1.58485862,5624.1505689
181600,Lake Cameron,017,Waipa District,03,Waikato Region,51.51521929,51.51521929,46182.5455095
183500,Leamington West,017,Waipa District,03,Waikato Region,1.26230758,1.26230758,6096.11243407
182200,Te Rahu,017,Waipa District,03,Waikato Region,55.22999877,55.22999877,38847.5229993
182300,Fencourt,017,Waipa District,03,Waikato Region,25.20991372,25.20991372,28541.1256929
186600,Strathmore (South Waikato District),019,South Waikato District,03,Waikato Region,1.24891011,1.24891011,4816.08566832
182500,Karapiro,017,Waipa District,03,Waikato Region,190.80404577,190.80404577,78608.8209739
183200,Cambridge Central,017,Waipa District,03,Waikato Region,2.81150339,2.81150339,10110.6672904
183300,Te Awamutu North,017,Waipa District,03,Waikato Region,2.8179483,2.8179483,13996.0809457
183400,Te Awamutu West,017,Waipa District,03,Waikato Region,0.78265877,0.78265877,4284.93129193
183600,Goodfellow Park,017,Waipa District,03,Waikato Region,0.94961807,0.94961807,5577.20294161
183700,Leamington South,017,Waipa District,03,Waikato Region,2.24438737,2.24438737,8114.2748402
183800,Leamington Central,017,Waipa District,03,Waikato Region,1.19328598,1.19328598,5984.99412915
183900,Leamington East,017,Waipa District,03,Waikato Region,1.41410617,1.41410617,5703.33111447
184000,Te Awamutu Stadium,017,Waipa District,03,Waikato Region,1.16584443,1.16584443,4830.2011048
189000,Bird Area,021,Taupo District,03,Waikato Region,1.17912862,1.17912862,4968.01074839
184200,Pekerau,017,Waipa District,03,Waikato Region,2.77584621,2.77584621,9697.39560359
184300,Fraser Street,017,Waipa District,03,Waikato Region,1.13512076,1.13512076,5888.93206468
188700,Tauhara,021,Taupo District,03,Waikato Region,11.7095079,11.7095079,20078.8013678
184500,St Leger,017,Waipa District,03,Waikato Region,7.85427355,7.85427355,18284.5060932
184900,Maungatautari,017,Waipa District,03,Waikato Region,113.0037471,113.0037471,58926.6492442
185000,Rotongata,017,Waipa District,03,Waikato Region,211.60562511,211.60562511,89915.039424
185100,Inlets Otorohanga District,018,Otorohanga District,03,Waikato Region,0,65.19452423,171428.53275
185500,Otorohanga,018,Otorohanga District,03,Waikato Region,5.07349034,5.07349034,13239.2293237
186300,Parkdale,019,South Waikato District,03,Waikato Region,2.53785034,2.53785034,7986.1517192
186000,Putararu,019,South Waikato District,03,Waikato Region,6.81234549,6.81234549,21636.3397535
186500,Stanley Park,019,South Waikato District,03,Waikato Region,1.15485814,1.15485814,5048.91612557
362100,Georgetown,075,Invercargill City,15,Southland Region,1.123485,1.123485,4593.37893097
186700,Tokoroa Central,019,South Waikato District,03,Waikato Region,4.70197137,4.70197137,14464.7138126
186800,Moananui,019,South Waikato District,03,Waikato Region,1.67889865,1.67889865,6737.48979464
187100,Hangatiki,020,Waitomo District,03,Waikato Region,326.51966149,326.51966149,111729.253493
187200,Aria,020,Waitomo District,03,Waikato Region,531.77277631,531.77277631,146198.748454
187300,Te Kuiti West,020,Waitomo District,03,Waikato Region,2.59168598,2.59168598,12106.5253642
187400,Te Kuiti East,020,Waitomo District,03,Waikato Region,5.82602179,5.82602179,15169.603514
188100,Inland water Lake Taupo,021,Taupo District,03,Waikato Region,0,615.08904376,169199.272056
188200,Wairakei-Broadlands,021,Taupo District,03,Waikato Region,409.99541511,409.99541511,127366.44268
188800,Taupo Central East,021,Taupo District,03,Waikato Region,1.09504644,1.09504644,5689.69460132
188300,Acacia Bay,021,Taupo District,03,Waikato Region,7.1500485,7.1500485,17568.7568043
188400,Brentwood (Taupo District),021,Taupo District,03,Waikato Region,3.55543198,3.55543198,9207.395237
362700,Aurora,075,Invercargill City,15,Southland Region,0.65289649,0.65289649,3653.11504172
188500,Nukuhau-Rangatira Park,021,Taupo District,03,Waikato Region,2.86930339,2.86930339,11015.0946915
188600,Taupo Central West,021,Taupo District,03,Waikato Region,1.36829438,1.36829438,6469.32665406
199200,Pukehangi South,024,Rotorua District,04,Bay of Plenty Region,1.11150003,1.11150003,5435.84748874
189100,Hilltop (Taupo District),021,Taupo District,03,Waikato Region,2.50418915,2.50418915,7015.866139
189200,Waipahihi,021,Taupo District,03,Waikato Region,2.55517592,2.55517592,7516.79781053
344100,Oamaru Gardens,068,Waitaki District,14,Otago Region,1.42438176,1.42438176,6702.63282853
344200,Glen Warren,068,Waitaki District,14,Otago Region,1.80084295,1.80084295,7101.04494004
189300,Richmond Heights,021,Taupo District,03,Waikato Region,1.37246851,1.37246851,7083.54975283
362800,Moulson,075,Invercargill City,15,Southland Region,0.77411182,0.77411182,5280.69506413
344400,Oamaru Central,068,Waitaki District,14,Otago Region,0.96438725,0.96438725,9018.57869555
189400,Wharewaka,021,Taupo District,03,Waikato Region,6.46197761,6.46197761,12587.209728
191900,Te Puke West,022,Western Bay of Plenty District,04,Bay of Plenty Region,9.40576654,9.40576654,17373.2326804
192000,Rangiuru,022,Western Bay of Plenty District,04,Bay of Plenty Region,220.33301818,220.33301818,111055.572515
210000,Cornwall Park,030,Hastings District,06,Hawke's Bay Region,1.08343442,1.08343442,4817.62933093
189600,Waitahanui,021,Taupo District,03,Waikato Region,119.87494873,119.87494873,58711.3791767
344500,South Hill,068,Waitaki District,14,Otago Region,1.44829725,1.44829725,6765.19601933
189700,Turangi,021,Taupo District,03,Waikato Region,7.53236993,7.53236993,16635.1426923
189800,Rangataiki,021,Taupo District,04,Bay of Plenty Region,996.27143695,996.27143695,178164.144558
190400,Athenree,022,Western Bay of Plenty District,04,Bay of Plenty Region,1.26291362,1.26291362,7398.34793996
190700,Inlet Tauranga Harbour North,022,Western Bay of Plenty District,04,Bay of Plenty Region,0.00197109,161.30505807,228680.861542
190800,Matakana Island,022,Western Bay of Plenty District,04,Bay of Plenty Region,64.55839578,64.55839578,88272.8497665
192100,Te Puke East,022,Western Bay of Plenty District,04,Bay of Plenty Region,3.98960473,3.98960473,12168.7539204
192200,Inlets Maketu,022,Western Bay of Plenty District,04,Bay of Plenty Region,0,5.12073334,22788.3065245
344600,Inlet Port Oamaru,068,Waitaki District,14,Otago Region,0,0.23233605,2486.2832268
344700,Palmerston,068,Waitaki District,14,Otago Region,8.77063444,8.77063444,13999.5037847
352600,Green Island,071,Dunedin City,14,Otago Region,3.64491392,3.64491392,11219.5648459
352700,Port Chalmers,071,Dunedin City,14,Otago Region,3.2339918,3.2339918,17358.6225446
191000,Omokoroa,022,Western Bay of Plenty District,04,Bay of Plenty Region,3.7718367,3.7718367,13542.8054892
192400,Pukehina Beach,022,Western Bay of Plenty District,04,Bay of Plenty Region,1.56624761,1.56624761,15008.8098307
192600,Matua North,023,Tauranga City,04,Bay of Plenty Region,1.24158524,1.24158524,5213.87444402
192700,Inlet Tauranga Harbour South,023,Tauranga City,04,Bay of Plenty Region,0,39.53317192,104951.071373
192800,Mount Maunganui North,023,Tauranga City,04,Bay of Plenty Region,2.02960424,2.02960424,11068.6003061
194100,Te Reti,023,Tauranga City,04,Bay of Plenty Region,1.73027791,1.73027791,7039.35643155
192900,Matua South,023,Tauranga City,04,Bay of Plenty Region,1.20268439,1.20268439,8299.90136253
193000,Bethlehem North,023,Tauranga City,04,Bay of Plenty Region,5.12313058,5.12313058,10436.606063
352800,Royal Terrace,071,Dunedin City,14,Otago Region,0.2764839,0.2764839,2871.81967481
193200,Otumoetai North,023,Tauranga City,04,Bay of Plenty Region,1.72054606,1.72054606,7170.7698863
193300,Otumoetai South,023,Tauranga City,04,Bay of Plenty Region,1.60031037,1.60031037,8115.72386023
193400,Brookfield West,023,Tauranga City,04,Bay of Plenty Region,1.051617,1.051617,4786.21309358
193500,Bethlehem Central,023,Tauranga City,04,Bay of Plenty Region,4.26503863,4.26503863,11238.4648515
193700,Mount Maunganui South,023,Tauranga City,04,Bay of Plenty Region,0.9418621,0.9418621,4596.20767406
194200,Bethlehem South,023,Tauranga City,04,Bay of Plenty Region,4.48242548,4.48242548,11179.71263
194300,Omanu Beach,023,Tauranga City,04,Bay of Plenty Region,1.02425367,1.02425367,5006.59370822
344900,Cromwell West,069,Central Otago District,14,Otago Region,12.03514156,12.03514156,18010.6209559
353300,Mornington,071,Dunedin City,14,Otago Region,1.06980458,1.06980458,6043.24107719
193800,Tauranga Central,023,Tauranga City,04,Bay of Plenty Region,3.38076384,3.69764762,19467.272534
193900,Mount Maunganui Central,023,Tauranga City,04,Bay of Plenty Region,6.91357018,6.91357018,14438.042827
194000,Judea,023,Tauranga City,04,Bay of Plenty Region,0.88360423,0.88360423,5424.18919872
252400,Mount Cook East,047,Wellington City,09,Wellington Region,0.43571547,0.43571547,2898.2426741
194400,Tauranga Hospital,023,Tauranga City,04,Bay of Plenty Region,1.94102255,1.94102255,7207.34276106
194500,Tauriko,023,Tauranga City,04,Bay of Plenty Region,4.82036221,4.82036221,13901.3131835
202900,Allandale,025,Whakatane District,04,Bay of Plenty Region,1.5256279,1.5256279,7386.55992121
194700,Greerton South,023,Tauranga City,04,Bay of Plenty Region,2.8062842,2.8062842,12460.6397051
353500,Maryhill,071,Dunedin City,14,Otago Region,1.23501707,1.23501707,5672.19102124
194800,Tauranga South,023,Tauranga City,04,Bay of Plenty Region,2.38991739,2.38991739,9045.07437536
345000,Cromwell East,069,Central Otago District,14,Otago Region,3.59440752,3.59440752,9737.57569833
195000,Matapihi,023,Tauranga City,04,Bay of Plenty Region,3.93905833,3.93905833,14060.1556988
362900,Kingswell,075,Invercargill City,15,Southland Region,1.90132691,1.90132691,5999.68072192
195100,Pyes Pa West,023,Tauranga City,04,Bay of Plenty Region,4.61266536,4.61266536,13709.8801329
350000,Seddon Park,071,Dunedin City,14,Otago Region,1.55941559,1.55941559,6606.68145022
195200,Greerton North,023,Tauranga City,04,Bay of Plenty Region,1.39556307,1.39556307,7849.95635242
323900,St Albans West,060,Christchurch City,13,Canterbury Region,0.68131176,0.68131176,3396.67719978
195300,Yatton Park,023,Tauranga City,04,Bay of Plenty Region,0.90353744,0.90353744,4203.53181655
195400,Pyes Pa North,023,Tauranga City,04,Bay of Plenty Region,1.97089302,1.97089302,8054.24347591
195500,Arataki South,023,Tauranga City,04,Bay of Plenty Region,0.98787026,0.98787026,5053.1299799
195600,Pyes Pa South,023,Tauranga City,04,Bay of Plenty Region,1.83242619,1.83242619,7163.37600579
195700,Poike,023,Tauranga City,04,Bay of Plenty Region,1.29841998,1.29841998,7115.5956188
196100,Pyes Pa East,023,Tauranga City,04,Bay of Plenty Region,2.43010532,2.43010532,9314.72771928
345500,Alexandra North,069,Central Otago District,14,Otago Region,4.61612472,4.61612472,12527.64593
195900,Maungatapu,023,Tauranga City,04,Bay of Plenty Region,1.67928163,1.67928163,9580.69127669
196900,Welcome Bay South,023,Tauranga City,04,Bay of Plenty Region,3.10815699,3.10815699,8977.23091011
196000,Hairini,023,Tauranga City,04,Bay of Plenty Region,1.83934319,1.83934319,8762.71045913
197000,Palm Beach North,023,Tauranga City,04,Bay of Plenty Region,1.09453989,1.09453989,5522.85728313
203800,Kawerau Industrial,026,Kawerau District,04,Bay of Plenty Region,5.83724555,5.83724555,13141.0175612
345600,Alexandra South,069,Central Otago District,14,Otago Region,5.14867358,5.14867358,13654.2372686
345700,Maniototo,069,Central Otago District,14,Otago Region,2371.04327813,2371.04327813,296172.891635
196300,Kaitemako (Tauranga City),023,Tauranga City,04,Bay of Plenty Region,3.74361431,3.74361431,10987.2315762
197100,Palm Beach South-Gravatt,023,Tauranga City,04,Bay of Plenty Region,2.38810012,2.38810012,7256.04677783
345800,Teviot Valley,069,Central Otago District,14,Otago Region,1302.49934543,1314.97606192,215872.258332
196500,Baypark-Kairua,023,Tauranga City,04,Bay of Plenty Region,12.95193464,12.95193464,24509.4099728
345900,Outer Wanaka,070,Queenstown-Lakes District,14,Otago Region,3175.99305056,3175.99305056,610439.024583
346300,Inland water Lake Hawea,070,Queenstown-Lakes District,14,Otago Region,0,157.12279406,117869.338556
196700,Welcome Bay East,023,Tauranga City,04,Bay of Plenty Region,3.69116612,3.69116612,14055.1068118
197200,Papamoa Beach North,023,Tauranga City,04,Bay of Plenty Region,1.39820071,1.39820071,5850.8332993
197400,Papamoa Beach South,023,Tauranga City,04,Bay of Plenty Region,1.37883542,1.37883542,7435.64051007
198500,Selwyn Heights,024,Rotorua District,04,Bay of Plenty Region,0.89644766,0.89644766,4928.82693416
198600,Pleasant Heights,024,Rotorua District,04,Bay of Plenty Region,1.34859518,1.34859518,7118.32440369
346400,Cardrona,070,Queenstown-Lakes District,14,Otago Region,858.05058563,858.05058563,202274.312711
346500,Inland water Lake Wakatipu,070,Queenstown-Lakes District,14,Otago Region,0,294.58265507,211883.946942
197600,Wairakei,023,Tauranga City,04,Bay of Plenty Region,12.90938118,12.90938118,23975.7462549
206000,Elgin,028,Gisborne District,05,Gisborne Region,1.04455895,1.04455895,5069.59305938
198000,Hamurana,024,Rotorua District,04,Bay of Plenty Region,8.35493389,8.35493389,17919.4589726
206100,Te Hapara South,028,Gisborne District,05,Gisborne Region,0.86443001,0.86443001,5521.83997686
326400,Addington North,060,Christchurch City,13,Canterbury Region,0.43431408,0.43431408,4223.26801317
198100,Ngongotaha East,024,Rotorua District,04,Bay of Plenty Region,2.87185543,2.87185543,11606.9771237
200200,Hillcrest (Rotorua District),024,Rotorua District,04,Bay of Plenty Region,0.81457984,0.81457984,4579.56836811
198200,Ngongotaha West,024,Rotorua District,04,Bay of Plenty Region,1.44456738,1.44456738,7445.08907074
198800,Kawaha,024,Rotorua District,04,Bay of Plenty Region,1.03157204,1.03157204,4711.58397784
346600,Wanaka Waterfront,070,Queenstown-Lakes District,14,Otago Region,3.89295707,3.89295707,12453.7996175
198400,Ngongotaha South,024,Rotorua District,04,Bay of Plenty Region,8.58883387,8.58883387,16821.8091689
199300,Mangakakahi Central,024,Rotorua District,04,Bay of Plenty Region,1.79161337,1.79161337,8035.07712215
199400,Koutu,024,Rotorua District,04,Bay of Plenty Region,0.95639716,0.95639716,4803.30843003
199600,Sunnybrook,024,Rotorua District,04,Bay of Plenty Region,2.08582486,2.08582486,7297.68759893
199700,Fordlands,024,Rotorua District,04,Bay of Plenty Region,0.9880121,0.9880121,6205.74529677
200500,Glenholme North,024,Rotorua District,04,Bay of Plenty Region,0.84348073,0.84348073,4178.66953149
200600,Springfield South,024,Rotorua District,04,Bay of Plenty Region,1.18667956,1.18667956,5434.65383372
199800,Kuirau,024,Rotorua District,04,Bay of Plenty Region,1.18969945,1.18969945,6498.75735068
199900,Utuhina,024,Rotorua District,04,Bay of Plenty Region,0.67136794,0.67136794,4271.39427364
200000,Pomare,024,Rotorua District,04,Bay of Plenty Region,1.36824303,1.36824303,8248.43191634
201300,Tihiotonga-Whakarewarewa,024,Rotorua District,04,Bay of Plenty Region,3.28398579,3.28398579,10070.2784201
200100,Rotorua Central,024,Rotorua District,04,Bay of Plenty Region,1.80236312,1.80236312,9207.31452579
201400,Owhata East,024,Rotorua District,04,Bay of Plenty Region,1.41751621,1.41751621,7774.42999628
200700,Springfield North,024,Rotorua District,04,Bay of Plenty Region,1.30138613,1.30138613,6587.01700808
200900,Owhata West,024,Rotorua District,04,Bay of Plenty Region,3.32829464,3.32829464,8928.16357982
201500,Lynmore,024,Rotorua District,04,Bay of Plenty Region,1.97245772,1.97245772,7348.4837321
201700,Kaingaroa-Whakarewarewa,024,Rotorua District,04,Bay of Plenty Region,465.80261391,530.74323482,122346.551758
201800,Golden Springs,024,Rotorua District,03,Waikato Region,498.91642353,498.91642353,120505.272425
201900,Manawahe,025,Whakatane District,04,Bay of Plenty Region,267.07059859,267.07059859,74973.8432062
202000,Matata-Otakiri,025,Whakatane District,04,Bay of Plenty Region,87.41194468,87.41194468,50529.9837555
202100,Onepu Spring,025,Whakatane District,04,Bay of Plenty Region,98.84885123,98.84885123,76997.0464128
201000,Holdens Bay-Rotokawa,024,Rotorua District,04,Bay of Plenty Region,8.78620237,8.78620237,13428.3440618
201100,Ngapuna,024,Rotorua District,04,Bay of Plenty Region,3.49489535,3.49489535,10357.1407989
201200,Fenton Park,024,Rotorua District,04,Bay of Plenty Region,1.00544453,1.00544453,4968.5147888
202200,Edgecumbe,025,Whakatane District,04,Bay of Plenty Region,2.00681011,2.00681011,9490.89908817
202300,Thornton-Awakeri,025,Whakatane District,04,Bay of Plenty Region,151.84239298,151.84239298,62114.5077303
202400,Te Teko Lakes,025,Whakatane District,04,Bay of Plenty Region,71.09481576,71.09481576,47009.2079912
202800,Trident,025,Whakatane District,04,Bay of Plenty Region,1.81128192,1.81128192,6922.58964792
202600,Whakatane West,025,Whakatane District,04,Bay of Plenty Region,1.83230421,1.83230421,5847.97118214
346700,Wanaka North,070,Queenstown-Lakes District,14,Otago Region,7.76736301,7.76736301,13079.7804496
202700,Whakatane Central,025,Whakatane District,04,Bay of Plenty Region,2.59485728,2.59485728,12000.8181331
203000,Mokorua Bush,025,Whakatane District,04,Bay of Plenty Region,1.35707502,1.35707502,6774.1616753
203600,Murupara,025,Whakatane District,04,Bay of Plenty Region,6.21299834,6.21299834,11951.7690951
203700,Monika Reserve,026,Kawerau District,04,Bay of Plenty Region,14.18036067,14.18036067,17638.2741064
351300,Pine Hill-Dalmore,071,Dunedin City,14,Otago Region,1.17720849,1.17720849,5857.69663652
203900,Tarawera Park,026,Kawerau District,04,Bay of Plenty Region,3.61378812,3.61378812,11963.7884176
204000,Inlet Ohiwa Harbour East,027,Opotiki District,04,Bay of Plenty Region,0,10.84862001,38994.702797
204100,Waiotahi,027,Opotiki District,04,Bay of Plenty Region,141.71292169,141.71292169,103364.880379
204200,Cape Runaway,027,Opotiki District,04,Bay of Plenty Region,1568.82268633,1568.82268633,271662.646402
204300,Woodlands,027,Opotiki District,04,Bay of Plenty Region,4.45765937,4.45765937,11874.2433239
330100,Woolston North,060,Christchurch City,13,Canterbury Region,1.29547609,1.29547609,4534.36439217
204400,Opotiki,027,Opotiki District,04,Bay of Plenty Region,5.74447512,5.74447512,12795.3296205
204500,Otara-Tirohanga,027,Opotiki District,04,Bay of Plenty Region,113.38785805,113.38785805,76879.54549
204600,Oponae,027,Opotiki District,04,Bay of Plenty Region,1255.59488906,1255.59488906,247327.669202
204700,East Cape,028,Gisborne District,05,Gisborne Region,991.26453073,991.26453073,194253.478392
204800,Waipaoa,028,Gisborne District,05,Gisborne Region,2277.2725415,2277.2725415,321427.160623
204900,Ruatoria-Raukumara,028,Gisborne District,05,Gisborne Region,693.33769585,693.33769585,153211.135463
205000,Tokomaru,028,Gisborne District,05,Gisborne Region,1144.89137522,1144.89137522,204654.938662
205100,Hangaroa,028,Gisborne District,05,Gisborne Region,1870.11295888,1870.11295888,334742.22
205200,Wharekaka,028,Gisborne District,05,Gisborne Region,1198.06472379,1198.06472379,237464.31511
205300,Te Arai,028,Gisborne District,05,Gisborne Region,54.60451362,54.60451362,57083.8190329
205400,Hexton,028,Gisborne District,05,Gisborne Region,119.61311481,119.61311481,102805.109833
205500,Lytton,028,Gisborne District,05,Gisborne Region,0.85660815,0.85660815,5417.59956999
206200,Mangapapa East,028,Gisborne District,05,Gisborne Region,1.65718279,1.65718279,6564.88615582
205600,Makaraka-Awapuni,028,Gisborne District,05,Gisborne Region,8.18229536,8.18229536,17905.0823985
205700,Riverdale,028,Gisborne District,05,Gisborne Region,1.24303366,1.24303366,5532.54406204
205800,Te Hapara North,028,Gisborne District,05,Gisborne Region,1.2005121,1.2005121,5643.37688796
205900,Mangapapa North,028,Gisborne District,05,Gisborne Region,0.61988641,0.61988641,4578.11526553
206400,Te Hapara East,028,Gisborne District,05,Gisborne Region,0.94822639,0.94822639,4969.22261009
206600,Whataupoko East,028,Gisborne District,05,Gisborne Region,2.54657581,2.54657581,10216.6812825
206700,Whataupoko West,028,Gisborne District,05,Gisborne Region,1.09579102,1.09579102,4874.97959053
210100,Tomoana,030,Hastings District,06,Hawke's Bay Region,3.26579971,3.26579971,11103.6131865
206800,Gisborne Central,028,Gisborne District,05,Gisborne Region,1.58850131,1.58850131,9511.55769604
206900,Kaiti North,028,Gisborne District,05,Gisborne Region,1.32792288,1.32792288,6971.44273053
207000,Kaiti South,028,Gisborne District,05,Gisborne Region,3.41351489,3.41351489,8407.44966005
210800,Queens Square,030,Hastings District,06,Hawke's Bay Region,0.60058038,0.60058038,3394.35619866
207800,Wairoa,029,Wairoa District,06,Hawke's Bay Region,7.56771423,7.56771423,12642.49297
208500,Bridge Pa,030,Hastings District,06,Hawke's Bay Region,23.2425111,23.2425111,27944.3382451
208600,Twyford,030,Hastings District,06,Hawke's Bay Region,26.01694989,26.01694989,23859.802247
208900,Omahu Strip,030,Hastings District,06,Hawke's Bay Region,1.93922993,1.93922993,12237.3409011
209100,Flaxmere Park,030,Hastings District,06,Hawke's Bay Region,1.35063391,1.35063391,5644.37256326
209200,Flaxmere South,030,Hastings District,06,Hawke's Bay Region,0.72258966,0.72258966,3966.88366152
209600,Clive,030,Hastings District,06,Hawke's Bay Region,14.82435657,14.82435657,18355.4618216
209700,St Leonards,030,Hastings District,06,Hawke's Bay Region,1.03111828,1.03111828,4382.4066724
209800,Mahora,030,Hastings District,06,Hawke's Bay Region,0.94013557,0.94013557,4028.05711078
209900,Raureka,030,Hastings District,06,Hawke's Bay Region,1.0553645,1.0553645,4784.7312304
210200,Longlands-Pukahu,030,Hastings District,06,Hawke's Bay Region,31.26264917,31.26264917,30891.2773724
210300,Raceway Park,030,Hastings District,06,Hawke's Bay Region,1.01519925,1.01519925,4784.16182578
210900,Mayfair,030,Hastings District,06,Hawke's Bay Region,1.06863049,1.06863049,5684.2988411
211000,Parkhaven,030,Hastings District,06,Hawke's Bay Region,1.01585628,1.01585628,4533.45962612
210400,Karamu,030,Hastings District,06,Hawke's Bay Region,13.2777502,13.2777502,24594.6428577
210500,Hastings Central,030,Hastings District,06,Hawke's Bay Region,1.41757248,1.41757248,7378.1049214
210700,Akina Park,030,Hastings District,06,Hawke's Bay Region,1.03131201,1.03131201,4685.57839669
211200,Mangateretere,030,Hastings District,06,Hawke's Bay Region,37.07025196,37.07025196,35543.6507723
211500,Karanema-St Hill,030,Hastings District,06,Hawke's Bay Region,0.94539093,0.94539093,6814.33967816
211600,Havelock North-Central,030,Hastings District,06,Hawke's Bay Region,0.47383139,0.47383139,4007.77579322
211300,Haumoana-Te Awanga,030,Hastings District,06,Hawke's Bay Region,7.82177246,7.82177246,20897.9319524
211400,Lucknow,030,Hastings District,06,Hawke's Bay Region,0.57778821,0.57778821,3256.26092692
330400,Bromley South,060,Christchurch City,13,Canterbury Region,1.24298994,1.24298994,5589.6409032
211700,Brookvale,030,Hastings District,06,Hawke's Bay Region,1.73921429,1.73921429,8135.98902454
211800,Iona,030,Hastings District,06,Hawke's Bay Region,1.46638943,1.46638943,6392.23439929
211900,Hereworth,030,Hastings District,06,Hawke's Bay Region,1.61552842,1.61552842,7556.44355488
213100,Greenmeadows West,031,Napier City,06,Hawke's Bay Region,1.1042898,1.1042898,5689.27740073
230500,Papaioea North,040,Palmerston North City,08,Manawatu-Wanganui Region,0.80386644,0.80386644,4816.29494687
212000,Te Mata Hills,030,Hastings District,06,Hawke's Bay Region,12.71128037,12.71128037,28069.3895425
212100,Havelock Hills,030,Hastings District,06,Hawke's Bay Region,2.98720987,2.98720987,9348.25069148
231100,Royal Oak (Palmerston North City),040,Palmerston North City,08,Manawatu-Wanganui Region,1.62616019,1.62616019,6819.80563742
346800,Wanaka West,070,Queenstown-Lakes District,14,Otago Region,4.42402629,4.42402629,11620.7831847
346900,Albert Town,070,Queenstown-Lakes District,14,Otago Region,4.95955476,4.95955476,12015.6535489
212400,Poraiti Hills,031,Napier City,06,Hawke's Bay Region,10.57864023,10.57864023,17895.5160684
213200,Taradale South,031,Napier City,06,Hawke's Bay Region,5.12388944,5.12388944,10219.7860695
231200,West End,040,Palmerston North City,08,Manawatu-Wanganui Region,1.16131805,1.16131805,4824.72112113
212500,Poraiti Flat,031,Napier City,06,Hawke's Bay Region,7.08962148,7.08962148,16058.2126271
213700,Taradale Central,031,Napier City,06,Hawke's Bay Region,1.17746783,1.17746783,5257.63379021
213800,Tamatea East,031,Napier City,06,Hawke's Bay Region,0.63201913,0.63201913,3184.41798196
212600,Westshore,031,Napier City,06,Hawke's Bay Region,0.93239862,0.93239862,10624.9574751
213900,Marewa West,031,Napier City,06,Hawke's Bay Region,0.79226182,0.79226182,3870.30784769
231300,Awapuni South,040,Palmerston North City,08,Manawatu-Wanganui Region,1.67138843,1.67138843,5327.10618728
212700,Inlet Napier City,031,Napier City,06,Hawke's Bay Region,0,0.7232998,7426.49925418
214000,Greenmeadows Central,031,Napier City,06,Hawke's Bay Region,0.95261183,0.95261183,4703.46933064
214100,Onekawa Central,031,Napier City,06,Hawke's Bay Region,0.67702069,0.67702069,3555.49353422
212800,Onekawa West,031,Napier City,06,Hawke's Bay Region,3.11950969,3.11950969,11774.1659577
212900,Ahuriri,031,Napier City,06,Hawke's Bay Region,0.97708121,1.14282742,5271.7005992
213000,Taradale West,031,Napier City,06,Hawke's Bay Region,1.68650015,1.68650015,6223.90478904
213300,Bluff Hill,031,Napier City,06,Hawke's Bay Region,1.89032878,1.89032878,9732.02942951
213400,Hospital Hill,031,Napier City,06,Hawke's Bay Region,1.49578827,1.49578827,5763.02965473
213500,Tamatea West,031,Napier City,06,Hawke's Bay Region,0.63229511,0.63229511,3520.58240871
213600,Tamatea North,031,Napier City,06,Hawke's Bay Region,0.65893563,0.65893563,3585.71943009
214300,Napier Central,031,Napier City,06,Hawke's Bay Region,0.83763333,0.83763333,5097.26602974
214400,Greenmeadows South,031,Napier City,06,Hawke's Bay Region,0.8512568,0.8512568,4499.20175399
214500,Nelson Park,031,Napier City,06,Hawke's Bay Region,0.78100891,0.78100891,3562.04750037
214600,Bledisloe Park,031,Napier City,06,Hawke's Bay Region,0.88271679,0.88271679,3925.68279525
214700,Pirimai East,031,Napier City,06,Hawke's Bay Region,0.76239872,0.76239872,3907.13195297
214800,Onekawa East,031,Napier City,06,Hawke's Bay Region,0.63617377,0.63617377,3537.35665724
214900,Tareha Reserve,031,Napier City,06,Hawke's Bay Region,1.76118377,1.76118377,6356.04451672
215200,McLean Park,031,Napier City,06,Hawke's Bay Region,1.34170033,1.34170033,6929.64830531
215300,Maraenui,031,Napier City,06,Hawke's Bay Region,1.05242219,1.05242219,4486.66960748
216500,Oakura,033,New Plymouth District,07,Taranaki Region,1.67717632,1.67717632,8314.29171643
216700,Kaitake,033,New Plymouth District,07,Taranaki Region,170.20208598,170.20208598,79546.3652132
347000,Wanaka Central,070,Queenstown-Lakes District,14,Otago Region,7.56235683,7.56235683,12774.0733256
215400,Meeanee-Awatoto,031,Napier City,06,Hawke's Bay Region,24.31069696,24.31069696,21244.6604386
215700,Waipawa,032,Central Hawke's Bay District,06,Hawke's Bay Region,6.80234433,6.80234433,14665.3626903
334900,Rolleston North West,062,Selwyn District,13,Canterbury Region,1.50658248,1.50658248,6314.20761376
216300,Spotswood,033,New Plymouth District,07,Taranaki Region,3.45612908,3.45612908,12236.2395274
223800,Castlecliff East,037,Whanganui District,08,Manawatu-Wanganui Region,2.62584485,2.62584485,7648.59909534
216800,Blagdon-Lynmouth,033,New Plymouth District,07,Taranaki Region,1.15856976,1.15856976,6898.49107162
216900,Kawaroa,033,New Plymouth District,07,Taranaki Region,1.1328722,1.1328722,6652.2804295
217000,New Plymouth Central,033,New Plymouth District,07,Taranaki Region,1.25967206,1.25967206,6652.97664892
217100,Marfell,033,New Plymouth District,07,Taranaki Region,0.7333253,0.7333253,4203.16665284
335000,Springston,062,Selwyn District,13,Canterbury Region,119.1198356,119.1198356,73698.9261617
217200,Whalers Gate,033,New Plymouth District,07,Taranaki Region,2.08533425,2.08533425,7098.84958187
217300,Strandon,033,New Plymouth District,07,Taranaki Region,1.76483897,1.76483897,8901.82294885
223900,Springvale North,037,Whanganui District,08,Manawatu-Wanganui Region,1.04144469,1.04144469,5352.94269165
217400,Westown,033,New Plymouth District,07,Taranaki Region,2.37440727,2.37440727,8269.05312569
217500,Bell Block West,033,New Plymouth District,07,Taranaki Region,4.19117765,4.19117765,8551.9769863
224500,Springvale East,037,Whanganui District,08,Manawatu-Wanganui Region,0.63070441,0.63070441,3298.57263183
231400,Milverton,040,Palmerston North City,08,Manawatu-Wanganui Region,0.5645066,0.5645066,4194.75276784
217600,Bell Block East,033,New Plymouth District,07,Taranaki Region,7.6715886,7.6715886,14220.7102272
347100,Lake Hawea,070,Queenstown-Lakes District,14,Otago Region,2.38898384,2.38898384,6993.22644297
218500,Waitara West,033,New Plymouth District,07,Taranaki Region,3.38623212,3.38623212,8589.84502137
217700,Waiwhakaiho-Bell Block South,033,New Plymouth District,07,Taranaki Region,7.3542755,7.3542755,20427.2041627
218900,Waitara East,033,New Plymouth District,07,Taranaki Region,2.27413857,2.27413857,9079.91459505
219000,Lepperton-Brixton,033,New Plymouth District,07,Taranaki Region,46.53420772,46.53420772,40357.6820765
219100,Mangorei,033,New Plymouth District,07,Taranaki Region,188.53852089,188.53852089,87750.3750987
219200,Mount Messenger,033,New Plymouth District,07,Taranaki Region,934.29434542,934.29434542,225746.13434
219300,Mangaoraka,033,New Plymouth District,07,Taranaki Region,81.67767854,81.67767854,54015.5736425
219400,Tikorangi,033,New Plymouth District,07,Taranaki Region,167.6952826,167.6952826,82380.5637286
219500,Everett Park,033,New Plymouth District,07,Taranaki Region,236.51532687,236.51532687,105694.853453
217800,Lower Vogeltown,033,New Plymouth District,07,Taranaki Region,1.50057696,1.50057696,7071.28200261
217900,Hurdon,033,New Plymouth District,07,Taranaki Region,3.76518219,3.76518219,11093.9464867
224600,Upper Aramoho,037,Whanganui District,08,Manawatu-Wanganui Region,1.56200848,1.56200848,6995.58770441
347400,Arthurs Point,070,Queenstown-Lakes District,14,Otago Region,5.52130923,5.52130923,16171.1963068
218000,Frankleigh Park,033,New Plymouth District,07,Taranaki Region,2.10682207,2.10682207,12748.5979254
218100,Merrilands,033,New Plymouth District,07,Taranaki Region,1.71844923,1.71844923,6862.81869433
219600,Inglewood,033,New Plymouth District,07,Taranaki Region,2.94435911,2.94435911,8700.43201784
218300,Welbourn,033,New Plymouth District,07,Taranaki Region,6.4915442,6.4915442,18130.8699115
219700,Tarata,033,New Plymouth District,07,Taranaki Region,258.96873968,258.96873968,131434.270407
219800,Pembroke,034,Stratford District,07,Taranaki Region,226.38037854,226.38037854,79050.1399943
219900,Douglas,034,Stratford District,07,Taranaki Region,1010.45224399,1010.45224399,307374.672347
220300,Stratford Central,034,Stratford District,07,Taranaki Region,2.53265568,2.53265568,7139.9912149
218400,Fitzroy-Glen Avon,033,New Plymouth District,07,Taranaki Region,16.98091941,16.98091941,24364.2155681
218600,Upper Vogeltown,033,New Plymouth District,07,Taranaki Region,2.46278271,2.46278271,11906.9216454
220400,Stratford South,034,Stratford District,07,Taranaki Region,2.71991258,2.71991258,9027.13175141
220600,Taungatara,035,South Taranaki District,07,Taranaki Region,313.10448638,313.10448638,101907.871374
225800,Gonville South,037,Whanganui District,08,Manawatu-Wanganui Region,1.53981125,1.53981125,6183.16677065
218700,Highlands Park (New Plymouth District),033,New Plymouth District,07,Taranaki Region,2.9094879,2.9094879,10044.2387147
218800,Paraite,033,New Plymouth District,07,Taranaki Region,13.72124804,13.72124804,18517.2641686
220700,Opunake,035,South Taranaki District,07,Taranaki Region,3.76514248,3.76514248,12800.1979882
221000,Eltham,035,South Taranaki District,07,Taranaki Region,3.4120219,3.4120219,11731.0901308
223100,Ohakune,036,Ruapehu District,08,Manawatu-Wanganui Region,6.44049298,6.44049298,14879.3381524
221600,Turuturu,035,South Taranaki District,07,Taranaki Region,4.33292835,4.33292835,14664.5361038
222200,Patea,035,South Taranaki District,07,Taranaki Region,6.15358793,6.15358793,13044.6807064
223600,Castlecliff West,037,Whanganui District,08,Manawatu-Wanganui Region,3.02360891,3.02360891,7682.27946984
233100,Woodville,041,Tararua District,08,Manawatu-Wanganui Region,4.03940483,4.03940483,8636.25570815
222500,Taumarunui North,036,Ruapehu District,08,Manawatu-Wanganui Region,3.59908256,3.59908256,11851.7158265
222600,Taumarunui Central,036,Ruapehu District,08,Manawatu-Wanganui Region,5.53738135,5.53738135,14058.6753781
222700,Taumarunui East,036,Ruapehu District,08,Manawatu-Wanganui Region,4.51828493,4.51828493,14324.4666633
223000,Raetihi,036,Ruapehu District,08,Manawatu-Wanganui Region,3.86337708,3.86337708,11623.3784155
253000,Newtown West,047,Wellington City,09,Wellington Region,0.66092757,0.66092757,3925.13867678
224000,Lower Aramoho,037,Whanganui District,08,Manawatu-Wanganui Region,2.08403997,2.08403997,7402.27313965
224100,St Johns Hill East,037,Whanganui District,08,Manawatu-Wanganui Region,1.12368143,1.12368143,5158.97697703
224200,St Johns Hill West,037,Whanganui District,08,Manawatu-Wanganui Region,1.12200008,1.12200008,4106.200215
224300,Titoki,037,Whanganui District,08,Manawatu-Wanganui Region,1.92010635,1.92010635,7528.97332971
224400,Springvale West,037,Whanganui District,08,Manawatu-Wanganui Region,0.68873217,0.68873217,4284.79149309
224700,Balgownie,037,Whanganui District,08,Manawatu-Wanganui Region,2.8144496,2.8144496,10384.6741256
224800,Laird Park,037,Whanganui District,08,Manawatu-Wanganui Region,1.1135117,1.1135117,4683.07528574
224900,Wembley Park,037,Whanganui District,08,Manawatu-Wanganui Region,1.53594683,1.53594683,9181.6719112
225100,Whanganui East-Williams Domain,037,Whanganui District,08,Manawatu-Wanganui Region,1.37721183,1.37721183,7983.52129307
335100,Rolleston Central,062,Selwyn District,13,Canterbury Region,1.60115418,1.60115418,5647.40730669
225300,Gonville North,037,Whanganui District,08,Manawatu-Wanganui Region,1.34068065,1.34068065,5921.0552076
225400,Cornmarket,037,Whanganui District,08,Manawatu-Wanganui Region,0.62888431,0.62888431,3354.58736847
225500,Whanganui East-Riverlands,037,Whanganui District,08,Manawatu-Wanganui Region,1.49508465,1.49508465,7603.2395603
225600,Kaitoke-Fordell,037,Whanganui District,08,Manawatu-Wanganui Region,261.31137619,261.31137619,104250.477842
225700,Whanganui Central,037,Whanganui District,08,Manawatu-Wanganui Region,2.43775687,2.43775687,8763.06271137
335200,Rolleston North East,062,Selwyn District,13,Canterbury Region,2.85581157,2.85581157,7216.71658674
225900,Bastia-Durie Hill,037,Whanganui District,08,Manawatu-Wanganui Region,2.57038602,2.57038602,7615.82778102
226700,Marton North,038,Rangitikei District,08,Manawatu-Wanganui Region,8.73647193,8.73647193,20905.4656183
226800,Parewanui,038,Rangitikei District,08,Manawatu-Wanganui Region,265.96041807,265.96041807,85084.2513282
226900,Marton South,038,Rangitikei District,08,Manawatu-Wanganui Region,4.8563551,4.8563551,14311.8379157
228400,Feilding Central,039,Manawatu District,08,Manawatu-Wanganui Region,6.65979493,6.65979493,15684.7502865
228600,Kauwhata,039,Manawatu District,08,Manawatu-Wanganui Region,154.43114124,154.43114124,84077.3436148
226500,Taihape,038,Rangitikei District,08,Manawatu-Wanganui Region,4.9344456,4.9344456,16306.4768147
226600,Marton Rural,038,Rangitikei District,08,Manawatu-Wanganui Region,192.55973377,192.55973377,102273.895689
227000,Bulls,038,Rangitikei District,08,Manawatu-Wanganui Region,6.69569293,6.69569293,14265.8115391
227100,Kiwitea,039,Manawatu District,08,Manawatu-Wanganui Region,784.651829,784.651829,191840.883453
227200,Tokorangi,039,Manawatu District,08,Manawatu-Wanganui Region,271.2351752,271.2351752,85411.7910655
227900,Makino,039,Manawatu District,08,Manawatu-Wanganui Region,1.71330528,1.71330528,6205.47340685
228700,Taonui,039,Manawatu District,08,Manawatu-Wanganui Region,165.77652307,165.77652307,68548.1373504
302700,Hope,051,Tasman District,16,Tasman Region,7.54407222,7.54407222,17293.5269346
227300,Ohakea-Sanson,039,Manawatu District,08,Manawatu-Wanganui Region,82.74212575,82.74212575,44733.6552628
227700,Mount Taylor,039,Manawatu District,08,Manawatu-Wanganui Region,3.19057412,3.19057412,9626.26461413
228200,Warwick,039,Manawatu District,08,Manawatu-Wanganui Region,0.821351,0.821351,5717.56073525
228000,Sandon,039,Manawatu District,08,Manawatu-Wanganui Region,4.47695398,4.47695398,12565.0932027
228100,Kimbolton North,039,Manawatu District,08,Manawatu-Wanganui Region,4.21844226,4.21844226,9788.95074141
228800,Newbury,040,Palmerston North City,08,Manawatu-Wanganui Region,34.67567534,34.67567534,50543.9581804
228900,Palmerston North Airport,040,Palmerston North City,08,Manawatu-Wanganui Region,7.53705383,7.53705383,15481.3235627
229000,Milson North,040,Palmerston North City,08,Manawatu-Wanganui Region,0.96528171,0.96528171,5621.41062
229200,Tremaine,040,Palmerston North City,08,Manawatu-Wanganui Region,4.40205417,4.40205417,22824.9343696
229500,Westbrook,040,Palmerston North City,08,Manawatu-Wanganui Region,1.12911546,1.12911546,5643.80248943
229600,Takaro North,040,Palmerston North City,08,Manawatu-Wanganui Region,1.11967528,1.11967528,5321.63111099
302800,Richmond Central (Tasman District),051,Tasman District,16,Tasman Region,1.15292504,1.15292504,4986.78338221
347600,Queenstown Hill,070,Queenstown-Lakes District,14,Otago Region,15.40032986,15.40032986,21189.600166
229400,Whakarongo,040,Palmerston North City,08,Manawatu-Wanganui Region,51.23452218,51.23452218,50652.3147562
230300,Kelvin Grove West,040,Palmerston North City,08,Manawatu-Wanganui Region,0.78190158,0.78190158,3615.76551868
230400,Kelvin Grove North,040,Palmerston North City,08,Manawatu-Wanganui Region,2.14179568,2.14179568,6764.73181009
229700,Pioneer West,040,Palmerston North City,08,Manawatu-Wanganui Region,2.36382194,2.36382194,9023.40520382
229800,Palmerston North Hospital,040,Palmerston North City,08,Manawatu-Wanganui Region,1.07372263,1.07372263,4259.6336354
229900,Highbury East,040,Palmerston North City,08,Manawatu-Wanganui Region,1.16072094,1.16072094,4802.77725547
230000,Park West,040,Palmerston North City,08,Manawatu-Wanganui Region,0.92856836,0.92856836,4181.72995847
230200,Roslyn (Palmerston North City),040,Palmerston North City,08,Manawatu-Wanganui Region,1.15069645,1.15069645,4958.44582911
302900,Ben Cooper Park,051,Tasman District,16,Tasman Region,0.91543215,0.91543215,3798.47989874
230600,Palmerston North Central,040,Palmerston North City,08,Manawatu-Wanganui Region,1.84381516,1.84381516,9872.99254048
230700,Awapuni North,040,Palmerston North City,08,Manawatu-Wanganui Region,1.23350314,1.23350314,4765.68005512
230800,Terrace End,040,Palmerston North City,08,Manawatu-Wanganui Region,1.20279275,1.20279275,4597.00518519
230900,Maraetarata,040,Palmerston North City,08,Manawatu-Wanganui Region,2.44223476,2.44223476,7771.53768496
231000,Papaioea South,040,Palmerston North City,08,Manawatu-Wanganui Region,0.60050727,0.60050727,4016.33862188
231500,Ruamahanga,040,Palmerston North City,08,Manawatu-Wanganui Region,1.53170712,1.53170712,5362.85752511
231600,Esplanade,040,Palmerston North City,08,Manawatu-Wanganui Region,1.30575848,1.30575848,4904.34968712
231700,Hokowhitu Central,040,Palmerston North City,08,Manawatu-Wanganui Region,0.91032398,0.91032398,4790.85994774
231800,Hokowhitu East,040,Palmerston North City,08,Manawatu-Wanganui Region,1.24309948,1.24309948,5048.37132337
233600,Pahiatua,041,Tararua District,08,Manawatu-Wanganui Region,3.87735045,3.87735045,10578.1109096
335300,Rolleston South West,062,Selwyn District,13,Canterbury Region,3.59540086,3.59540086,9522.95509171
231900,Turitea,040,Palmerston North City,08,Manawatu-Wanganui Region,9.72054877,9.72054877,16557.2998769
232000,Ruahine,040,Palmerston North City,08,Manawatu-Wanganui Region,1.57973372,1.57973372,5068.54778613
234900,Kawiu South,042,Horowhenua District,08,Manawatu-Wanganui Region,1.02386946,1.02386946,4454.90684403
235000,Makomako,042,Horowhenua District,08,Manawatu-Wanganui Region,0.8565575,0.8565575,4376.19685202
335400,Southbridge,062,Selwyn District,13,Canterbury Region,361.56215108,361.56215108,88697.5301107
232100,Linton Camp,040,Palmerston North City,08,Manawatu-Wanganui Region,4.90483835,4.90483835,12879.2577094
232200,Ashhurst,040,Palmerston North City,08,Manawatu-Wanganui Region,4.20738428,4.20738428,11922.187279
232300,Hokowhitu South,040,Palmerston North City,08,Manawatu-Wanganui Region,0.89536257,0.89536257,4088.73701234
232500,Pihauatua,040,Palmerston North City,08,Manawatu-Wanganui Region,143.83436968,143.83436968,65851.5384543
232600,Aokautere Rural,040,Palmerston North City,08,Manawatu-Wanganui Region,83.80928415,83.80928415,53794.27329
233300,Dannevirke East,041,Tararua District,08,Manawatu-Wanganui Region,4.73558262,4.73558262,16679.9273603
235100,Kawiu North,042,Horowhenua District,08,Manawatu-Wanganui Region,1.75769404,1.75769404,6866.55703979
234100,Foxton Beach,042,Horowhenua District,08,Manawatu-Wanganui Region,2.63742589,2.63742589,9592.05253348
234200,Foxton North,042,Horowhenua District,08,Manawatu-Wanganui Region,4.53325671,4.53325671,14172.7802144
235200,Levin Central,042,Horowhenua District,08,Manawatu-Wanganui Region,1.04760497,1.04760497,6005.43390269
235300,Tararua,042,Horowhenua District,08,Manawatu-Wanganui Region,10.74498067,10.74498067,24831.1157564
235400,Shannon,042,Horowhenua District,08,Manawatu-Wanganui Region,2.94390028,2.94390028,8266.90189814
234400,Waitarere,042,Horowhenua District,08,Manawatu-Wanganui Region,94.70184099,94.70184099,46463.9005744
234600,Miranui,042,Horowhenua District,08,Manawatu-Wanganui Region,296.87768823,296.87768823,109873.295621
234800,Ohau-Manakau,042,Horowhenua District,08,Manawatu-Wanganui Region,42.22949015,42.22949015,45379.6991441
236300,Otaki Beach,043,Kapiti Coast District,09,Wellington Region,3.36764188,3.36764188,11542.2348236
236400,Forest Lakes (Kapiti Coast District),043,Kapiti Coast District,09,Wellington Region,38.09485515,38.09485515,43579.3146563
237000,Paraparaumu Beach North,043,Kapiti Coast District,09,Wellington Region,2.14389568,2.14389568,6926.22348894
238100,Waikanae East,043,Kapiti Coast District,09,Wellington Region,3.19398124,3.19398124,11428.8430541
236500,Otaki,043,Kapiti Coast District,09,Wellington Region,8.47687262,8.47687262,16923.9237013
236600,Te Horo,043,Kapiti Coast District,09,Wellington Region,31.86143602,31.86143602,25270.328707
237100,Paraparaumu Beach West,043,Kapiti Coast District,09,Wellington Region,1.59458454,1.59458454,6940.31607466
335500,Rolleston South East,062,Selwyn District,13,Canterbury Region,10.08256188,10.08256188,13653.1282063
236800,Waikanae Beach,043,Kapiti Coast District,09,Wellington Region,4.3655915,4.3655915,13127.1057101
236900,Peka Peka,043,Kapiti Coast District,09,Wellington Region,10.01993684,10.01993684,15605.7786949
238300,Raumati Beach East,043,Kapiti Coast District,09,Wellington Region,1.42426255,1.42426255,5350.17026704
237200,Waikanae Park,043,Kapiti Coast District,09,Wellington Region,7.35962848,7.35962848,14546.7314126
237300,Paraparaumu Beach East,043,Kapiti Coast District,09,Wellington Region,1.06717962,1.06717962,4543.1953711
237600,Waikanae West,043,Kapiti Coast District,09,Wellington Region,4.67481858,4.67481858,11086.2507391
238400,Paraparaumu East,043,Kapiti Coast District,09,Wellington Region,2.51182552,2.51182552,7672.03102192
303000,Richmond South (Tasman District),051,Tasman District,16,Tasman Region,2.50766293,2.50766293,7596.70253761
237400,Otaihanga,043,Kapiti Coast District,09,Wellington Region,4.47399525,4.47399525,14530.6422564
237500,Paraparaumu North,043,Kapiti Coast District,09,Wellington Region,3.5337057,3.5337057,10671.7358038
237700,Otaki Forks,043,Kapiti Coast District,09,Wellington Region,87.25759187,87.25759187,40738.1114165
237800,Paraparaumu Central,043,Kapiti Coast District,09,Wellington Region,4.4642053,4.4642053,10099.7030642
238000,Raumati Beach West,043,Kapiti Coast District,09,Wellington Region,1.74953155,1.74953155,7314.48903647
238600,Paekakariki,043,Kapiti Coast District,09,Wellington Region,5.89331725,5.89331725,16384.6824459
240200,Postgate,044,Porirua City,09,Wellington Region,1.28880182,1.28880182,7644.13800869
238700,Mana Island,044,Porirua City,09,Wellington Region,2.11347599,2.11347599,6318.93445544
240300,Ascot Park,044,Porirua City,09,Wellington Region,1.11959592,1.11959592,5231.54322905
242600,Maoribank,045,Upper Hutt City,09,Wellington Region,3.48580263,3.48580263,10696.5907738
238800,Pukerua Bay,044,Porirua City,09,Wellington Region,8.17223642,8.17223642,14740.7623841
240900,Ranui Heights,044,Porirua City,09,Wellington Region,2.3541931,2.3541931,8288.88786451
239000,Plimmerton,044,Porirua City,09,Wellington Region,5.12590007,5.12590007,12992.9824147
241000,Cannons Creek East,044,Porirua City,09,Wellington Region,1.45604808,1.45604808,5444.35290398
239100,Titahi Bay North,044,Porirua City,09,Wellington Region,2.00934846,2.00934846,7663.5396536
241100,Cannons Creek South,044,Porirua City,09,Wellington Region,1.40795973,1.40795973,7494.79554419
239200,Titahi Bay South,044,Porirua City,09,Wellington Region,3.54172733,3.54172733,10741.5676377
241400,Heretaunga,045,Upper Hutt City,09,Wellington Region,3.26094579,3.26094579,8396.44851018
239300,Elsdon-Takapuwahia,044,Porirua City,09,Wellington Region,10.29746491,10.29746491,17917.8183445
241800,Silverstream (Upper Hutt City),045,Upper Hutt City,09,Wellington Region,2.64413875,2.64413875,8144.80659694
242000,Trentham North,045,Upper Hutt City,09,Wellington Region,1.02395902,1.02395902,5166.60243611
239500,Onepoto,044,Porirua City,09,Wellington Region,2.24118117,2.24118117,7553.37830576
239600,Camborne,044,Porirua City,09,Wellington Region,0.83508764,0.83508764,4542.75587469
303100,Wilkes Park,051,Tasman District,16,Tasman Region,0.88152295,0.88152295,3907.16226295
239800,Paremata,044,Porirua City,09,Wellington Region,1.6158951,2.02185567,10492.3583981
242100,Totara Park,045,Upper Hutt City,09,Wellington Region,1.72406495,1.72406495,5845.05295711
303200,Templemore,051,Tasman District,16,Tasman Region,1.42677131,1.42677131,5463.35092607
239900,Porirua Central,044,Porirua City,09,Wellington Region,6.72691012,6.72691012,15375.6199655
240100,Aotea,044,Porirua City,09,Wellington Region,2.67877756,2.67877756,7832.47993828
303300,Easby Park,051,Tasman District,16,Tasman Region,1.12878947,1.12878947,5533.8352367
240400,Whitby,044,Porirua City,09,Wellington Region,2.04397191,2.04397191,9652.94586961
240500,Porirua East,044,Porirua City,09,Wellington Region,1.20988618,1.20988618,6501.04809767
242200,Trentham South,045,Upper Hutt City,09,Wellington Region,8.12381821,8.12381821,14014.9027638
242300,Mangaroa,045,Upper Hutt City,09,Wellington Region,154.55262563,154.55262563,71784.9906334
240600,Endeavour,044,Porirua City,09,Wellington Region,3.12255979,3.12255979,11017.7803895
354200,Caversham,071,Dunedin City,14,Otago Region,0.70323849,0.70323849,4155.27153673
240700,Cannons Creek North,044,Porirua City,09,Wellington Region,1.05691823,1.05691823,6109.58257438
240800,Waitangirua,044,Porirua City,09,Wellington Region,1.22402657,1.22402657,6233.06948562
347800,Sunshine Bay-Fernhill,070,Queenstown-Lakes District,14,Otago Region,1.31223993,1.31223993,5329.71885243
241500,Birchville-Brown Owl,045,Upper Hutt City,09,Wellington Region,8.89286243,8.89286243,17787.5236449
241600,Poets Block,045,Upper Hutt City,09,Wellington Region,1.24160609,1.24160609,5331.8657968
241700,Brentwood (Upper Hutt City),045,Upper Hutt City,09,Wellington Region,0.98266303,0.98266303,4086.94041398
242700,Te Marua,045,Upper Hutt City,09,Wellington Region,5.57031363,5.57031363,17039.4947676
242900,Clouston Park,045,Upper Hutt City,09,Wellington Region,1.15084233,1.15084233,4613.8221177
243000,Upper Hutt Central,045,Upper Hutt City,09,Wellington Region,2.23570623,2.23570623,9399.33451534
243100,Belmont Park,046,Lower Hutt City,09,Wellington Region,29.4714102,29.4714102,44046.0129559
243200,Maungaraki,046,Lower Hutt City,09,Wellington Region,2.11021135,2.11021135,8082.85390322
243300,Korokoro,046,Lower Hutt City,09,Wellington Region,1.84546236,1.84546236,7485.78569656
247000,Glendale,046,Lower Hutt City,09,Wellington Region,3.20911879,3.20911879,11185.1143577
347900,Arrowtown,070,Queenstown-Lakes District,14,Otago Region,2.36121673,2.36121673,7705.95115827
353600,Ravensbourne-St Leonards,071,Dunedin City,14,Otago Region,4.90925957,4.90925957,12533.1934283
243400,Kelson,046,Lower Hutt City,09,Wellington Region,5.35777872,5.35777872,11602.9791933
243500,Normandale,046,Lower Hutt City,09,Wellington Region,1.44707308,1.44707308,6145.83083786
243600,Belmont (Lower Hutt City),046,Lower Hutt City,09,Wellington Region,2.36242871,2.36242871,12196.4867085
348000,Quail Rise,070,Queenstown-Lakes District,14,Otago Region,6.26898212,6.26898212,14197.397577
243700,Petone Central,046,Lower Hutt City,09,Wellington Region,1.30031921,1.30031921,9604.36450163
243800,Tirohanga,046,Lower Hutt City,09,Wellington Region,1.18051788,1.18051788,6047.52797723
243900,Manor Park,046,Lower Hutt City,09,Wellington Region,1.59235548,1.59235548,8743.98714017
244000,Alicetown-Melling,046,Lower Hutt City,09,Wellington Region,1.25541101,1.25541101,7211.2810813
244100,Taita North,046,Lower Hutt City,09,Wellington Region,1.14559016,1.14559016,5987.62979281
244200,Boulcott,046,Lower Hutt City,09,Wellington Region,1.5821295,1.5821295,5823.11766624
244300,Hutt Central North,046,Lower Hutt City,09,Wellington Region,1.07097115,1.07097115,6011.5555718
244400,Avalon West,046,Lower Hutt City,09,Wellington Region,1.21143924,1.21143924,4739.36476917
244500,Stokes Valley Central,046,Lower Hutt City,09,Wellington Region,1.48840747,1.48840747,5301.23539903
244600,Taita South,046,Lower Hutt City,09,Wellington Region,3.3995629,3.3995629,9197.50683902
244700,Petone East,046,Lower Hutt City,09,Wellington Region,1.63005105,1.63005105,5858.13462425
244800,Hutt Central South,046,Lower Hutt City,09,Wellington Region,1.29419649,1.29419649,7025.30051065
244900,Stokes Valley North,046,Lower Hutt City,09,Wellington Region,4.79627268,4.79627268,11690.2065258
245000,Petone Esplanade,046,Lower Hutt City,09,Wellington Region,0.97435719,0.97435719,6152.38484435
245100,Epuni West,046,Lower Hutt City,09,Wellington Region,0.98680953,0.98680953,5480.16802057
245200,Avalon East,046,Lower Hutt City,09,Wellington Region,0.81383924,0.81383924,4675.87830022
245300,Woburn,046,Lower Hutt City,09,Wellington Region,0.62490549,0.62490549,4134.75683467
245400,Naenae Central,046,Lower Hutt City,09,Wellington Region,1.38522751,1.38522751,5943.93916585
245500,Waterloo West,046,Lower Hutt City,09,Wellington Region,0.72699778,0.72699778,3963.29264768
245600,Epuni East,046,Lower Hutt City,09,Wellington Region,1.00382083,1.00382083,5264.53035251
245800,Moera,046,Lower Hutt City,09,Wellington Region,0.62396327,0.62396327,3990.68097393
245900,Delaney,046,Lower Hutt City,09,Wellington Region,2.06859723,2.06859723,8167.86751054
246000,Waiwhetu,046,Lower Hutt City,09,Wellington Region,1.67974139,1.67974139,7107.0906677
246200,Naenae North,046,Lower Hutt City,09,Wellington Region,2.60814451,2.60814451,8850.22256805
246300,Manuka,046,Lower Hutt City,09,Wellington Region,1.31430849,1.31430849,6000.86619165
246400,Naenae South,046,Lower Hutt City,09,Wellington Region,1.18224135,1.18224135,7738.26619224
246500,Towai,046,Lower Hutt City,09,Wellington Region,5.00726102,5.00726102,16148.5251486
246600,Arakura,046,Lower Hutt City,09,Wellington Region,1.96074223,1.96074223,9439.2342394
247100,Wainuiomata Central,046,Lower Hutt City,09,Wellington Region,1.26296336,1.26296336,5817.75302784
247900,Tawa Central,047,Wellington City,09,Wellington Region,1.53179416,1.53179416,6950.90949059
246700,Eastern Bays,046,Lower Hutt City,09,Wellington Region,1.92615253,1.92615253,18023.1281019
247200,Eastbourne,046,Lower Hutt City,09,Wellington Region,1.92754128,1.92754128,11217.2598971
247300,Homedale East,046,Lower Hutt City,09,Wellington Region,2.90969112,2.90969112,11434.4673311
248500,Grenada Village,047,Wellington City,09,Wellington Region,1.45201827,1.45201827,6571.56687623
247400,Homedale West,046,Lower Hutt City,09,Wellington Region,1.31443744,1.31443744,8110.27063051
247600,Tawa North,047,Wellington City,09,Wellington Region,1.44404946,1.44404946,5947.0996186
247700,Linden,047,Wellington City,09,Wellington Region,1.1175674,1.1175674,5407.01520632
247800,Tawa South,047,Wellington City,09,Wellington Region,2.54802992,2.54802992,9137.84185727
248000,Grenada North,047,Wellington City,09,Wellington Region,5.78954564,5.78954564,15417.6028271
248100,Churton Park North,047,Wellington City,09,Wellington Region,4.71057026,4.71057026,10690.2704331
248600,Johnsonville North,047,Wellington City,09,Wellington Region,0.89334346,0.89334346,5835.63695192
248200,Takapu-Horokiwi,047,Wellington City,09,Wellington Region,19.10143336,19.10143336,30153.7957201
248400,Johnsonville West,047,Wellington City,09,Wellington Region,1.17618079,1.17618079,6504.90090774
303400,Fairose,051,Tasman District,16,Tasman Region,1.42113236,1.42113236,6671.57591043
248700,Paparangi,047,Wellington City,09,Wellington Region,1.31378612,1.31378612,5674.7561531
248800,Ngaio North,047,Wellington City,09,Wellington Region,0.8238867,0.8238867,6628.53519679
248900,Johnsonville Central,047,Wellington City,09,Wellington Region,0.9524772,0.9524772,5362.55814425
249000,Broadmeadows,047,Wellington City,09,Wellington Region,0.64028643,0.64028643,3755.68018436
249100,Crofton Downs,047,Wellington City,09,Wellington Region,1.310528,1.310528,6029.7724808
249200,Johnsonville South,047,Wellington City,09,Wellington Region,0.71068669,0.71068669,5166.60184704
249300,Khandallah Reserve,047,Wellington City,09,Wellington Region,1.16554562,1.16554562,7045.36925267
249500,Newlands North,047,Wellington City,09,Wellington Region,1.14807919,1.14807919,7463.15354101
249600,Ngaio South,047,Wellington City,09,Wellington Region,1.36956737,1.36956737,6495.09910946
249700,Newlands South,047,Wellington City,09,Wellington Region,5.67111385,5.67111385,15447.1107994
249800,Woodridge,047,Wellington City,09,Wellington Region,0.99000727,0.99000727,4540.41432369
249900,Karori North,047,Wellington City,09,Wellington Region,1.61936365,1.61936365,6244.22961177
250000,Khandallah North,047,Wellington City,09,Wellington Region,1.01844319,1.01844319,4913.81566913
250100,Wilton,047,Wellington City,09,Wellington Region,1.26087688,1.26087688,7472.73859273
250300,Wadestown,047,Wellington City,09,Wellington Region,1.43663599,1.43663599,6303.02128956
250400,Karori South,047,Wellington City,09,Wellington Region,1.40010244,1.40010244,7338.24835686
250600,Karori East,047,Wellington City,09,Wellington Region,1.22979325,1.22979325,6090.26679537
250800,Northland (Wellington City),047,Wellington City,09,Wellington Region,1.25995515,1.25995515,6291.00882983
250700,Pipitea-Kaiwharawhara,047,Wellington City,09,Wellington Region,2.14742148,2.14742148,17234.7301735
303800,Marybank,052,Nelson City,17,Nelson Region,1.00889284,1.00889284,5069.9615529
250900,Thorndon,047,Wellington City,09,Wellington Region,1.48564336,1.48564336,6504.3627345
251000,Wellington Botanic Gardens,047,Wellington City,09,Wellington Region,0.52414073,0.52414073,3485.03664721
251100,Kelburn,047,Wellington City,09,Wellington Region,0.4950599,0.4950599,3985.65096838
252200,Brooklyn South,047,Wellington City,09,Wellington Region,1.82788679,1.82788679,8470.62122795
251200,Aro Valley,047,Wellington City,09,Wellington Region,1.24713361,1.24713361,7250.35967879
251300,Wellington University,047,Wellington City,09,Wellington Region,0.41688957,0.41688957,3353.17305953
251400,Wellington Central,047,Wellington City,09,Wellington Region,0.56013988,0.56013988,4415.90484931
252300,Oriental Bay,047,Wellington City,09,Wellington Region,0.302838,0.33471991,3896.26916345
251500,Brooklyn North,047,Wellington City,09,Wellington Region,1.245213,1.245213,6853.24568549
251600,Dixon Street,047,Wellington City,09,Wellington Region,0.30273424,0.30273424,2574.52943801
251700,Vivian West,047,Wellington City,09,Wellington Region,0.37004081,0.37004081,2793.37207295
251900,Brooklyn East,047,Wellington City,09,Wellington Region,0.90306714,0.90306714,5643.20888487
252000,Mount Cook West,047,Wellington City,09,Wellington Region,0.6136621,0.6136621,4366.16359434
252500,Mount Victoria,047,Wellington City,09,Wellington Region,1.08039374,1.08039374,5336.02220188
252600,Roseneath,047,Wellington City,09,Wellington Region,0.54895061,0.54895061,4194.48348158
253100,Hataitai North,047,Wellington City,09,Wellington Region,1.06318663,1.06318663,4951.33543023
305500,Maitai,052,Nelson City,17,Nelson Region,0.93215802,0.93215802,5144.14328023
252700,Owhiro Bay,047,Wellington City,09,Wellington Region,4.0591426,4.0591426,14818.0568546
252800,Kingston-Mornington-Vogeltown,047,Wellington City,09,Wellington Region,0.98879625,0.98879625,6438.07454307
252900,Newtown North,047,Wellington City,09,Wellington Region,0.70089657,0.70089657,4086.49259413
253200,Evans Bay,047,Wellington City,09,Wellington Region,0.35074064,0.4107595,7364.99086898
253600,Newtown South,047,Wellington City,09,Wellington Region,1.19441909,1.19441909,5439.37100456
253900,Melrose,047,Wellington City,09,Wellington Region,0.33372346,0.33372346,3644.54191312
253500,Maupuia,047,Wellington City,09,Wellington Region,1.953757,1.953757,11555.6575447
253700,Kilbirnie Central,047,Wellington City,09,Wellington Region,0.97207333,0.97207333,7090.38748069
253800,Island Bay West,047,Wellington City,09,Wellington Region,1.16826747,1.16826747,7994.05063881
254400,Miramar Central,047,Wellington City,09,Wellington Region,0.53006203,0.53006203,4049.27916571
254000,Island Bay East,047,Wellington City,09,Wellington Region,0.98308248,0.98308248,7348.58192076
254100,Miramar North,047,Wellington City,09,Wellington Region,0.50735756,0.50735756,3484.10391234
254200,Kilbirnie East,047,Wellington City,09,Wellington Region,0.47668259,0.47668259,3929.38056745
254300,Lyall Bay,047,Wellington City,09,Wellington Region,0.54771573,0.54771573,4111.48761999
254500,Southgate,047,Wellington City,09,Wellington Region,0.46705695,0.46705695,5137.15660672
254600,Karaka Bay-Worser Bay,047,Wellington City,09,Wellington Region,0.67410009,0.67410009,7220.70275326
256900,Carterton North,049,Carterton District,09,Wellington Region,2.36091288,2.36091288,6889.55250152
254700,Houghton Bay,047,Wellington City,09,Wellington Region,1.28794979,1.28794979,8000.59095065
257100,Carterton South,049,Carterton District,09,Wellington Region,2.93664674,2.93664674,7276.00654644
257200,Gladstone (Carterton District),049,Carterton District,09,Wellington Region,621.33292778,621.33292778,204607.861501
257300,Tauherenikau,050,South Wairarapa District,09,Wellington Region,337.70545792,337.70545792,135966.807913
257400,Kahutara,050,South Wairarapa District,09,Wellington Region,457.43728818,464.86295516,194803.397449
255000,Rongotai,047,Wellington City,09,Wellington Region,1.92365888,1.92365888,12926.8478166
255100,Strathmore (Wellington City),047,Wellington City,09,Wellington Region,1.47877628,1.47877628,6556.07814737
255200,Seatoun,047,Wellington City,09,Wellington Region,1.33127784,1.33127784,9487.89834272
255600,Ngaumutawa,048,Masterton District,09,Wellington Region,0.85307097,0.85307097,4092.91160629
255700,Solway North,048,Masterton District,09,Wellington Region,2.07587157,2.07587157,6897.21501824
257700,Greytown,050,South Wairarapa District,09,Wellington Region,5.07033186,5.07033186,14359.2116365
255800,Lansdowne West,048,Masterton District,09,Wellington Region,2.26800408,2.26800408,7966.57930502
255900,Masterton Central,048,Masterton District,09,Wellington Region,1.76268904,1.76268904,12512.5315514
256000,Kuripuni,048,Masterton District,09,Wellington Region,1.25705544,1.25705544,5949.78685441
256100,Douglas Park,048,Masterton District,09,Wellington Region,1.20827639,1.20827639,5592.4045093
257800,Aorangi Forest,050,South Wairarapa District,09,Wellington Region,1579.07917481,1579.07917481,244349.677301
256200,Solway South,048,Masterton District,09,Wellington Region,6.38522861,6.38522861,12450.7015508
256300,Lansdowne East,048,Masterton District,09,Wellington Region,3.32618586,3.32618586,10591.4649167
256400,Cameron and Soldiers Park,048,Masterton District,09,Wellington Region,1.4863701,1.4863701,6449.35290264
257500,Featherston,050,South Wairarapa District,09,Wellington Region,3.18193328,3.18193328,9398.5279108
257900,Martinborough,050,South Wairarapa District,09,Wellington Region,4.49942023,4.49942023,10196.6478245
258000,Oceanic Three Kings Islands,999,Area Outside Territorial Authority,99,Area Outside Region,0,2176.84445641,202265.030209
258100,Three Kings Islands,999,Area Outside Territorial Authority,99,Area Outside Region,4.96643395,4.96643395,34486.4410218
258200,Oceanic Northland Region,999,Area Outside Territorial Authority,01,Northland Region,0,16293.1692214,1801861.11773
258300,Inlet Doubtless Bay,999,Area Outside Territorial Authority,01,Northland Region,0,173.36186047,70231.3510318
258400,Inlet Kaipara Harbour North,999,Area Outside Territorial Authority,01,Northland Region,0,330.68495066,578566.280932
258500,Oceanic Waikato Region East,999,Area Outside Territorial Authority,03,Waikato Region,0,5880.259517,884139.570508
258600,Inlets Waikato Region,999,Area Outside Territorial Authority,03,Waikato Region,0,9.5525835,25360.9144434
258700,Oceanic Waikato Region West,999,Area Outside Territorial Authority,03,Waikato Region,0,4184.35590941,420690.917967
258800,Oceanic Bay of Plenty Region,999,Area Outside Territorial Authority,04,Bay of Plenty Region,0,9370.32577871,785545.49107
258900,Islands Bay of Plenty Region,999,Area Outside Territorial Authority,04,Bay of Plenty Region,24.8803951,24.8803951,58960.5117043
259000,Oceanic Taranaki Region,999,Area Outside Territorial Authority,07,Taranaki Region,0,5440.62425792,567453.319298
259100,Inlet Port Taranaki,999,Area Outside Territorial Authority,07,Taranaki Region,0,1.85188862,9539.86960481
259200,Oceanic Gisborne Region,999,Area Outside Territorial Authority,05,Gisborne Region,0,5603.71821389,608953.979619
259300,Oceanic Manawatu-Wanganui Region West,999,Area Outside Territorial Authority,08,Manawatu-Wanganui Region,0,2088.91937912,241682.369833
259400,Oceanic Hawke's Bay Region,999,Area Outside Territorial Authority,06,Hawke's Bay Region,0,7252.20808357,690113.964645
348100,Queenstown Central,070,Queenstown-Lakes District,14,Otago Region,0.80516741,0.80516741,6483.40817129
348200,Queenstown East,070,Queenstown-Lakes District,14,Otago Region,0.97595775,0.97595775,6198.28264366
257600,Inland water Lake Wairarapa,050,South Wairarapa District,09,Wellington Region,0,63.44492907,49144.4247878
259800,Bare Island,999,Area Outside Territorial Authority,06,Hawke's Bay Region,0.13162933,0.13162933,2288.45548955
300500,Takaka,051,Tasman District,16,Tasman Region,12.4966083,12.4966083,21197.7472566
300700,Takaka Hills,051,Tasman District,16,Tasman Region,277.43397348,277.43397348,113036.009096
300800,Kaiteriteri-Riwaka,051,Tasman District,16,Tasman Region,28.5694838,28.5694838,57567.4668233
300900,Upper Moutere,051,Tasman District,16,Tasman Region,445.95349525,445.95349525,136872.577557
301000,Lower Moutere,051,Tasman District,16,Tasman Region,62.01795109,62.01795109,55503.0951537
302600,Brightwater,051,Tasman District,16,Tasman Region,4.66371091,4.66371091,11936.5279594
301300,Motueka East,051,Tasman District,16,Tasman Region,3.23775629,3.23775629,13372.5111239
302400,Richmond West (Tasman District),051,Tasman District,16,Tasman Region,6.46147418,6.46147418,12617.0671773
302200,Appleby,051,Tasman District,16,Tasman Region,20.00315402,20.00315402,27963.9563802
302300,Wakefield,051,Tasman District,16,Tasman Region,9.98015748,9.98015748,18163.225929
303900,Port Nelson,052,Nelson City,17,Nelson Region,0.97890893,0.97890893,13354.4121691
304500,Washington,052,Nelson City,17,Nelson Region,1.12496317,1.12496317,4905.99835665
305600,Grampians,052,Nelson City,17,Nelson Region,2.9526614,2.9526614,8947.47029344
304000,Nelson Airport,052,Nelson City,17,Nelson Region,2.95621321,2.95621321,11703.5765797
304300,Atawhai,052,Nelson City,17,Nelson Region,4.53225261,4.53225261,13637.9075991
304900,Toi Toi,052,Nelson City,17,Nelson Region,1.3079691,1.3079691,4784.49473595
304400,Broadgreen-Monaco,052,Nelson City,17,Nelson Region,1.13522373,1.13522373,13130.791494
304600,Tahuna Hills,052,Nelson City,17,Nelson Region,2.67659642,2.67659642,9181.0059085
304700,Nelson Central-Trafalgar,052,Nelson City,17,Nelson Region,1.24568063,1.24568063,7350.81838376
304800,The Wood,052,Nelson City,17,Nelson Region,1.16161835,1.16161835,5268.23123161
326700,Hoon Hay West,060,Christchurch City,13,Canterbury Region,1.07523139,1.07523139,4673.14009582
305000,Nayland,052,Nelson City,17,Nelson Region,0.8401081,0.8401081,4739.05126884
305100,Aldinga,052,Nelson City,17,Nelson Region,1.11110158,1.11110158,5196.57633407
305200,Victory,052,Nelson City,17,Nelson Region,0.63007183,0.63007183,4101.68024945
305300,Rutherford,052,Nelson City,17,Nelson Region,1.21422425,1.21422425,6122.41431362
328500,Linwood North,060,Christchurch City,13,Canterbury Region,0.8574418,0.8574418,4298.65447349
305700,Saxton,052,Nelson City,17,Nelson Region,3.86295954,3.86295954,14106.4102514
305800,Suffolk,052,Nelson City,17,Nelson Region,2.0012641,2.0012641,7067.19904011
305900,Omaio,052,Nelson City,17,Nelson Region,5.47226168,5.47226168,11423.3057428
306000,Enner Glynn,052,Nelson City,17,Nelson Region,7.0564613,7.0564613,14104.733652
350100,Wingatui,071,Dunedin City,14,Otago Region,6.82243927,6.82243927,12410.6665086
306700,Waikawa (Marlborough District),053,Marlborough District,18,Marlborough Region,3.85321511,3.85321511,15852.9905291
306800,Waitohi (Marlborough District),053,Marlborough District,18,Marlborough Region,5.31135904,5.31135904,20871.5611372
307100,Renwick,053,Marlborough District,18,Marlborough Region,2.31964276,2.31964276,7457.4937736
307400,Spring Creek-Grovetown,053,Marlborough District,18,Marlborough Region,9.68737315,9.68737315,17975.9717609
307500,Springlands,053,Marlborough District,18,Marlborough Region,1.77343458,1.77343458,5621.19302957
307600,Yelverton,053,Marlborough District,18,Marlborough Region,2.4151004,2.4151004,9578.17302247
307700,Mayfield,053,Marlborough District,18,Marlborough Region,1.45993261,1.45993261,5718.01802771
307800,Whitney West,053,Marlborough District,18,Marlborough Region,1.90244363,1.90244363,6644.10107611
307900,Blenheim Central,053,Marlborough District,18,Marlborough Region,1.55263169,1.55263169,7950.67200301
308000,Riversdale-Islington,053,Marlborough District,18,Marlborough Region,1.09568575,1.09568575,4712.80880982
308100,Whitney East,053,Marlborough District,18,Marlborough Region,1.05759962,1.05759962,6153.28237637
308200,Redwoodtown West,053,Marlborough District,18,Marlborough Region,1.06278688,1.06278688,4261.88125983
308300,Witherlea West,053,Marlborough District,18,Marlborough Region,2.43685407,2.43685407,9313.92605502
308400,Redwoodtown East,053,Marlborough District,18,Marlborough Region,1.07412156,1.07412156,5421.76522178
309800,Reefton,055,Buller District,12,West Coast Region,2.62642672,2.62642672,9893.308623
308500,Riverlands,053,Marlborough District,18,Marlborough Region,6.27702946,6.27702946,19638.1044516
308600,Witherlea East,053,Marlborough District,18,Marlborough Region,1.37388614,1.37388614,5523.95363582
308700,Inlet Wairau River,053,Marlborough District,18,Marlborough Region,0,14.39753343,75738.1885245
308800,Kaikoura Ranges,054,Kaikoura District,13,Canterbury Region,2037.56694998,2037.56694998,307346.530224
308900,Kaikoura,054,Kaikoura District,13,Canterbury Region,9.25965475,9.25965475,32263.5425425
309000,Karamea,055,Buller District,12,West Coast Region,3129.34577068,3129.34577068,372682.236845
309100,Inlets Buller District,055,Buller District,12,West Coast Region,0,6.345973,35426.4034374
309200,Westport North,055,Buller District,12,West Coast Region,8.65745154,8.65745154,25261.9591839
309300,Westport Rural,055,Buller District,12,West Coast Region,88.74452743,88.74452743,67590.0766367
309400,Westport South,055,Buller District,12,West Coast Region,2.87357565,2.87357565,8206.41314445
309500,Buller Coalfields,055,Buller District,12,West Coast Region,498.57495983,498.57495983,108861.907123
309600,Charleston (Buller District),055,Buller District,12,West Coast Region,1016.80561635,1016.80561635,202764.506801
309700,Inangahua,055,Buller District,12,West Coast Region,3196.01553733,3196.01553733,350669.494183
328600,Aranui,060,Christchurch City,13,Canterbury Region,1.4164159,1.4164159,4670.0308162
350500,Helensburgh,071,Dunedin City,14,Otago Region,1.4613127,1.4613127,6262.82129468
354300,Hillside-Portsmouth Drive,071,Dunedin City,14,Otago Region,1.37483404,1.37483404,8003.89907216
310000,Runanga,056,Grey District,12,West Coast Region,4.50515422,4.50515422,17127.6444583
310100,Cobden,056,Grey District,12,West Coast Region,3.67564649,4.048262,9290.84531491
310200,Blaketown,056,Grey District,12,West Coast Region,0.74298173,0.74298173,4704.08370485
310300,Greymouth Central,056,Grey District,12,West Coast Region,2.72874197,2.72874197,10160.8352453
310400,King Park,056,Grey District,12,West Coast Region,0.84279915,0.84279915,6731.93869568
311500,Hokitika,057,Westland District,12,West Coast Region,3.90527474,3.90527474,8387.30242649
311700,Hokitika Rural,057,Westland District,12,West Coast Region,154.38154575,154.38154575,65924.4374559
311800,Waitaha,057,Westland District,12,West Coast Region,1499.95516283,1499.95516283,208659.335535
311900,Whataroa-Harihari,057,Westland District,12,West Coast Region,1136.27370009,1136.27370009,286840.812439
312000,Hokitika Valley-Otira,057,Westland District,12,West Coast Region,1614.53896118,1629.34654073,312991.455475
312100,Hanmer Range,058,Hurunui District,13,Canterbury Region,3608.91268595,3622.45041709,431284.18715
312200,Amuri,058,Hurunui District,13,Canterbury Region,1835.60586509,1835.60586509,348619.763408
310600,Karoro,056,Grey District,12,West Coast Region,6.5022919,6.5022919,12857.3771176
312300,Hanmer Springs,058,Hurunui District,13,Canterbury Region,4.23133126,4.23133126,10988.5972483
312400,Upper Hurunui,058,Hurunui District,13,Canterbury Region,1004.95957741,1004.95957741,205700.368166
312500,Parnassus,058,Hurunui District,13,Canterbury Region,994.56230517,994.56230517,197772.119224
312600,Ashley Forest,058,Hurunui District,13,Canterbury Region,340.57434402,340.57434402,120924.562863
312700,Omihi,058,Hurunui District,13,Canterbury Region,717.86645902,717.86645902,149912.033936
312800,Balcairn,058,Hurunui District,13,Canterbury Region,130.57362388,130.57362388,70320.998629
318200,Islington,060,Christchurch City,13,Canterbury Region,1.77902268,1.77902268,6309.01755845
341200,Timaru East,064,Timaru District,13,Canterbury Region,3.596137,3.73207634,22000.0182865
334300,Charing Cross,062,Selwyn District,13,Canterbury Region,168.67829573,168.67829573,59933.7303373
310700,Rutherglen-Camerons,056,Grey District,12,West Coast Region,11.71648863,11.71648863,24965.4328408
312900,Amberley,058,Hurunui District,13,Canterbury Region,3.62943081,3.62943081,11349.5082797
313000,Okuku,059,Waimakariri District,13,Canterbury Region,834.68212278,834.68212278,174969.825316
313100,Ashley Gorge,059,Waimakariri District,13,Canterbury Region,336.41510541,336.41510541,110716.077385
313200,Oxford,059,Waimakariri District,13,Canterbury Region,11.81747088,11.81747088,19093.227932
313300,Starvation Hill-Cust,059,Waimakariri District,13,Canterbury Region,181.64842378,181.64842378,69339.4475053
314400,Rangiora Central,059,Waimakariri District,13,Canterbury Region,0.36695815,0.36695815,4406.69323588
313600,West Eyreton,059,Waimakariri District,13,Canterbury Region,114.88751675,114.88751675,65064.5399938
314500,Rangiora South West,059,Waimakariri District,13,Canterbury Region,0.85640238,0.85640238,4842.06713377
313700,Ashley-Sefton,059,Waimakariri District,13,Canterbury Region,86.90622514,86.90622514,45291.9634856
314600,Lilybrook,059,Waimakariri District,13,Canterbury Region,1.26324533,1.26324533,5636.77021984
316100,Kaiapoi Central,059,Waimakariri District,13,Canterbury Region,1.51314566,1.51314566,6633.63605169
313800,Fernside,059,Waimakariri District,13,Canterbury Region,41.47828183,41.47828183,39239.5189112
313900,Rangiora North West,059,Waimakariri District,13,Canterbury Region,1.99495154,1.99495154,7507.37157807
314000,Kingsbury,059,Waimakariri District,13,Canterbury Region,2.58105528,2.58105528,8263.28535301
314100,Ashgrove,059,Waimakariri District,13,Canterbury Region,0.66739352,0.66739352,3748.51026009
314700,Waikuku,059,Waimakariri District,13,Canterbury Region,28.73773181,28.73773181,29055.946534
314800,Mandeville-Ohoka,059,Waimakariri District,13,Canterbury Region,40.400615,40.400615,28460.8075164
314900,Rangiora South East,059,Waimakariri District,13,Canterbury Region,2.66776421,2.66776421,7265.33254436
315000,Southbrook,059,Waimakariri District,13,Canterbury Region,2.31019456,2.31019456,9378.45932017
315100,Swannanoa-Eyreton,059,Waimakariri District,13,Canterbury Region,61.77213058,61.77213058,38637.9007415
315200,Tuahiwi,059,Waimakariri District,13,Canterbury Region,22.70498482,22.70498482,22223.7634933
315300,Woodend,059,Waimakariri District,13,Canterbury Region,3.48705109,3.48705109,9105.99866884
315800,Silverstream (Waimakariri District),059,Waimakariri District,13,Canterbury Region,0.997565,0.997565,4378.74407151
315500,Clarkville,059,Waimakariri District,13,Canterbury Region,30.14435143,30.14435143,29337.4383165
315900,Sovereign Palms,059,Waimakariri District,13,Canterbury Region,1.91533283,1.91533283,8391.78584279
316000,Kaiapoi West,059,Waimakariri District,13,Canterbury Region,0.5102178,0.5102178,2871.87109351
317000,Harewood,060,Christchurch City,13,Canterbury Region,3.79223921,3.79223921,9353.70475846
315600,Pegasus Bay,059,Waimakariri District,13,Canterbury Region,24.56690994,24.56690994,25579.7835924
315700,Kaiapoi North West,059,Waimakariri District,13,Canterbury Region,3.51539952,3.51539952,12503.6458233
316200,Kaiapoi South,059,Waimakariri District,13,Canterbury Region,0.87573675,0.87573675,4651.44749593
316300,Kaiapoi East,059,Waimakariri District,13,Canterbury Region,5.02762405,5.02762405,13391.214149
317300,Belfast East,060,Christchurch City,13,Canterbury Region,2.88331149,2.88331149,9079.64904677
316600,Yaldhurst,060,Christchurch City,13,Canterbury Region,12.1066131,12.1066131,24118.4134551
316700,Christchurch Airport,060,Christchurch City,13,Canterbury Region,11.44462992,11.44462992,20917.2626002
318000,Bishopdale West,060,Christchurch City,13,Canterbury Region,1.13060616,1.13060616,4331.3419549
316800,Clearwater,060,Christchurch City,13,Canterbury Region,5.71771003,5.71771003,16126.6923767
341300,Parkside,064,Timaru District,13,Canterbury Region,1.1472002,1.1472002,4819.94442158
341400,Kensington (Timaru District),064,Timaru District,13,Canterbury Region,0.72551225,0.72551225,4269.23461076
341500,Mackenzie Lakes,065,Mackenzie District,13,Canterbury Region,5134.28848751,5169.24405357,548612.560719
316900,Belfast West,060,Christchurch City,13,Canterbury Region,3.09934496,3.09934496,9094.956036
317400,Northwood,060,Christchurch City,13,Canterbury Region,1.45238873,1.45238873,5715.75660926
317500,Russley,060,Christchurch City,13,Canterbury Region,1.86777494,1.86777494,6862.3615177
317600,Regents Park,060,Christchurch City,13,Canterbury Region,1.45376276,1.45376276,6470.46996451
341600,Inland water Lake Pukaki,065,Mackenzie District,13,Canterbury Region,0,172.82436001,86545.9801191
317700,Hawthornden,060,Christchurch City,13,Canterbury Region,1.89245555,1.89245555,7465.10753149
317800,Bishopdale North,060,Christchurch City,13,Canterbury Region,1.3684224,1.3684224,4931.78263893
317900,Casebrook,060,Christchurch City,13,Canterbury Region,1.83249774,1.83249774,6927.0352986
318100,Templeton,060,Christchurch City,13,Canterbury Region,0.89855713,0.89855713,4502.67566045
318300,Burnside Park,060,Christchurch City,13,Canterbury Region,1.33883255,1.33883255,6455.09492591
354400,Kew (Dunedin City),071,Dunedin City,14,Otago Region,0.70651138,0.70651138,4145.37911683
318400,Marshland,060,Christchurch City,13,Canterbury Region,10.10539407,10.10539407,18323.2199837
318500,Avonhead North,060,Christchurch City,13,Canterbury Region,0.63463917,0.63463917,3201.72515372
319900,Bryndwr North,060,Christchurch City,13,Canterbury Region,1.09070137,1.09070137,4514.99945963
318600,Redwood North,060,Christchurch City,13,Canterbury Region,1.09252656,1.09252656,4916.45545829
318700,Broomfield,060,Christchurch City,13,Canterbury Region,0.99853119,0.99853119,4250.52484963
318800,Redwood West,060,Christchurch City,13,Canterbury Region,0.81581469,0.81581469,4282.07647257
318900,Avonhead West,060,Christchurch City,13,Canterbury Region,0.61397695,0.61397695,3555.24587783
319000,Bishopdale South,060,Christchurch City,13,Canterbury Region,0.70451597,0.70451597,3748.87975098
319100,Islington-Hornby Industrial,060,Christchurch City,13,Canterbury Region,7.16366685,7.16366685,14675.5943213
319200,Burnside,060,Christchurch City,13,Canterbury Region,1.36196789,1.36196789,5620.10204512
319300,Hei Hei,060,Christchurch City,13,Canterbury Region,1.24268313,1.24268313,5164.46065261
319400,Papanui North,060,Christchurch City,13,Canterbury Region,0.59939609,0.59939609,4342.79297694
319500,Avonhead East,060,Christchurch City,13,Canterbury Region,0.8351918,0.8351918,3686.3400362
319600,Redwood East,060,Christchurch City,13,Canterbury Region,1.26951982,1.26951982,4384.33501464
319700,Avonhead South,060,Christchurch City,13,Canterbury Region,1.0252514,1.0252514,4308.31966386
319800,Riccarton Racecourse,060,Christchurch City,13,Canterbury Region,1.69503056,1.69503056,5538.52998285
320000,Northlands (Christchurch City),060,Christchurch City,13,Canterbury Region,0.62844124,0.62844124,5083.30244512
320100,Papanui West,060,Christchurch City,13,Canterbury Region,1.00167645,1.00167645,4674.21645715
320200,Ilam North,060,Christchurch City,13,Canterbury Region,1.23178205,1.23178205,7276.05321879
320300,Hornby West,060,Christchurch City,13,Canterbury Region,0.74485755,0.74485755,4137.33282604
320400,Hornby Central,060,Christchurch City,13,Canterbury Region,2.2702299,2.2702299,8146.93339499
320500,Northcote (Christchurch City),060,Christchurch City,13,Canterbury Region,1.67620457,1.67620457,6919.64876621
320600,Jellie Park,060,Christchurch City,13,Canterbury Region,1.31125297,1.31125297,5380.98215891
320700,Ilam South,060,Christchurch City,13,Canterbury Region,0.91177467,0.91177467,5496.51630367
320800,Bryndwr South,060,Christchurch City,13,Canterbury Region,0.90574677,0.90574677,5168.19656592
320900,Papanui East,060,Christchurch City,13,Canterbury Region,0.82899262,0.82899262,3847.19212748
321000,Sockburn North,060,Christchurch City,13,Canterbury Region,1.23987082,1.23987082,5027.68224396
321100,Hornby South,060,Christchurch City,13,Canterbury Region,1.36582244,1.36582244,5541.60372533
321200,Ilam University,060,Christchurch City,13,Canterbury Region,1.22716656,1.22716656,5392.31177651
321300,Prestons,060,Christchurch City,13,Canterbury Region,3.9830759,3.9830759,10465.573151
321400,Strowan,060,Christchurch City,13,Canterbury Region,1.43506915,1.43506915,4825.40479851
321500,Fendalton,060,Christchurch City,13,Canterbury Region,0.92187577,0.92187577,4473.45190806
321600,Waitikiri,060,Christchurch City,13,Canterbury Region,1.85082227,1.85082227,8476.79085815
321700,Mairehau North,060,Christchurch City,13,Canterbury Region,2.21664747,2.21664747,6866.30983316
321800,Bush Inn,060,Christchurch City,13,Canterbury Region,0.8392385,0.8392385,4553.65108951
321900,Awatea North,060,Christchurch City,13,Canterbury Region,1.01997911,1.01997911,5902.8866479
322000,Upper Riccarton,060,Christchurch City,13,Canterbury Region,0.52083977,0.52083977,2894.55401054
322200,Rutland,060,Christchurch City,13,Canterbury Region,0.98659323,0.98659323,4072.07455298
322300,Sockburn South,060,Christchurch City,13,Canterbury Region,2.48674577,2.48674577,8017.62644381
322400,Deans Bush,060,Christchurch City,13,Canterbury Region,1.25176701,1.25176701,4723.72790808
322500,Wigram North,060,Christchurch City,13,Canterbury Region,0.7677582,0.7677582,4448.5144598
322600,Holmwood,060,Christchurch City,13,Canterbury Region,1.1295094,1.1295094,4727.12630943
322800,Wigram West,060,Christchurch City,13,Canterbury Region,0.45881538,0.45881538,3132.01909988
322900,Awatea South,060,Christchurch City,13,Canterbury Region,1.51152984,1.51152984,5345.70905614
323000,Merivale,060,Christchurch City,13,Canterbury Region,1.10530207,1.10530207,4632.61295823
323100,Mairehau South,060,Christchurch City,13,Canterbury Region,1.38628176,1.38628176,5019.49478505
323200,Mona Vale,060,Christchurch City,13,Canterbury Region,0.54774699,0.54774699,4314.19512854
323300,Riccarton West,060,Christchurch City,13,Canterbury Region,0.62257937,0.62257937,3164.75464235
323400,Shirley West,060,Christchurch City,13,Canterbury Region,1.63066447,1.63066447,6080.17771231
323500,Middleton,060,Christchurch City,13,Canterbury Region,1.90189507,1.90189507,6750.67640543
323600,Wigram South,060,Christchurch City,13,Canterbury Region,0.39907152,0.39907152,2959.89655165
323700,Queenspark,060,Christchurch City,13,Canterbury Region,1.12074483,1.12074483,4304.3263973
324000,Travis Wetlands,060,Christchurch City,13,Canterbury Region,2.54934124,2.54934124,7890.66866426
324100,Wigram East,060,Christchurch City,13,Canterbury Region,0.31144402,0.31144402,2524.30275152
324200,Riccarton Central,060,Christchurch City,13,Canterbury Region,0.39834807,0.39834807,5023.39142227
324300,Oaklands West,060,Christchurch City,13,Canterbury Region,1.70047691,1.70047691,7400.02533581
354500,Corstorphine,071,Dunedin City,14,Otago Region,0.8711156,0.8711156,4929.35421332
324500,Halswell West,060,Christchurch City,13,Canterbury Region,6.36638022,6.36638022,12013.5834359
324600,Shirley East,060,Christchurch City,13,Canterbury Region,1.69660978,1.69660978,6398.19226059
324700,Broken Run,060,Christchurch City,13,Canterbury Region,0.42593773,0.42593773,3135.99176493
324800,St Albans East,060,Christchurch City,13,Canterbury Region,0.67550283,0.67550283,3295.43718355
324900,Hagley Park,060,Christchurch City,13,Canterbury Region,2.18842107,2.18842107,6220.20697149
325000,Hillmorton,060,Christchurch City,13,Canterbury Region,2.91663436,2.91663436,7779.08293543
325100,Parklands,060,Christchurch City,13,Canterbury Region,1.8033493,1.8033493,5670.28299954
325300,Edgeware,060,Christchurch City,13,Canterbury Region,1.01426957,1.01426957,4242.78469516
325400,Aidanfield,060,Christchurch City,13,Canterbury Region,1.67829745,1.67829745,6275.37428978
354600,Forbury,071,Dunedin City,14,Otago Region,0.55507378,0.55507378,3257.26798102
325600,Burwood,060,Christchurch City,13,Canterbury Region,1.20976504,1.20976504,6084.68876371
325700,Christchurch Central-West,060,Christchurch City,13,Canterbury Region,0.69482578,0.69482578,4616.26391367
325900,Richmond North (Christchurch City),060,Christchurch City,13,Canterbury Region,1.16647674,1.16647674,4723.02332342
326000,Waimairi Beach,060,Christchurch City,13,Canterbury Region,0.5812741,0.5812741,3931.74275718
326100,Addington West,060,Christchurch City,13,Canterbury Region,0.55813508,0.55813508,4337.95968664
326500,Dallington,060,Christchurch City,13,Canterbury Region,0.84120136,0.84120136,4789.793529
326600,Christchurch Central,060,Christchurch City,13,Canterbury Region,0.71393734,0.71393734,4683.536158
326200,Otakaro-Avon River Corridor,060,Christchurch City,13,Canterbury Region,6.13238653,6.13238653,25194.5557813
326800,Richmond South (Christchurch City),060,Christchurch City,13,Canterbury Region,0.80309275,0.80309275,3962.29536868
326900,Spreydon West,060,Christchurch City,13,Canterbury Region,1.02698731,1.02698731,4031.23689827
327000,Christchurch Central-East,060,Christchurch City,13,Canterbury Region,0.71344527,0.71344527,3980.07640198
327100,Christchurch Central-South,060,Christchurch City,13,Canterbury Region,1.250479,1.250479,6785.7951059
327200,North Beach,060,Christchurch City,13,Canterbury Region,1.98904153,1.98904153,5907.04958423
327300,Halswell North,060,Christchurch City,13,Canterbury Region,2.60853723,2.60853723,6641.22617923
327400,Addington East,060,Christchurch City,13,Canterbury Region,0.56803048,0.56803048,3922.53463265
327500,Avondale (Christchurch City),060,Christchurch City,13,Canterbury Region,1.26093166,1.26093166,5727.86109544
327600,Spreydon North,060,Christchurch City,13,Canterbury Region,1.21379293,1.21379293,4684.42873151
327700,Hoon Hay East,060,Christchurch City,13,Canterbury Region,1.82287179,1.82287179,5936.7128456
327800,Avonside,060,Christchurch City,13,Canterbury Region,0.81030652,0.81030652,4962.34956213
327900,Linwood West,060,Christchurch City,13,Canterbury Region,1.07760146,1.07760146,4630.0105225
328000,Halswell South,060,Christchurch City,13,Canterbury Region,1.7808656,1.7808656,8873.01563667
328100,Sydenham Central,060,Christchurch City,13,Canterbury Region,1.21275693,1.21275693,4677.31302024
328200,Spreydon South,060,Christchurch City,13,Canterbury Region,0.72391644,0.72391644,3528.33205111
328300,Rawhiti,060,Christchurch City,13,Canterbury Region,1.93513277,1.93513277,7693.64967576
328800,Lancaster Park,060,Christchurch City,13,Canterbury Region,1.11557727,1.11557727,6188.55022713
328900,Phillipstown,060,Christchurch City,13,Canterbury Region,0.9334353,0.9334353,4191.83776821
329200,Somerfield West,060,Christchurch City,13,Canterbury Region,1.18118116,1.18118116,5008.81029272
329300,Linwood East,060,Christchurch City,13,Canterbury Region,0.91216529,0.91216529,5088.87655076
329400,Sydenham North,060,Christchurch City,13,Canterbury Region,0.48328896,0.48328896,3433.16201982
355300,Musselburgh,071,Dunedin City,14,Otago Region,0.57524802,0.57524802,3763.49820562
329000,Kennedys Bush,060,Christchurch City,13,Canterbury Region,12.00591024,12.00591024,28505.7131727
329100,Somerfield East,060,Christchurch City,13,Canterbury Region,1.22917182,1.22917182,4500.79261737
329500,Hoon Hay South,060,Christchurch City,13,Canterbury Region,0.79560727,0.79560727,4793.03624187
329600,Charleston (Christchurch City),060,Christchurch City,13,Canterbury Region,0.36094657,0.36094657,2754.2449517
329800,Bexley,060,Christchurch City,13,Canterbury Region,0.8988086,0.8988086,4036.38132029
329900,Waltham,060,Christchurch City,13,Canterbury Region,0.5882026,0.5882026,3464.56865862
330000,Westmorland,060,Christchurch City,13,Canterbury Region,5.55762522,5.55762522,16940.2189656
330200,New Brighton,060,Christchurch City,13,Canterbury Region,1.76101132,1.76101132,7595.24166797
330300,Cashmere West,060,Christchurch City,13,Canterbury Region,2.38126637,2.38126637,10143.3504598
330500,Ensors,060,Christchurch City,13,Canterbury Region,0.87364461,0.87364461,4022.58983382
330600,Beckenham,060,Christchurch City,13,Canterbury Region,0.87659434,0.87659434,4330.72072464
330700,Bromley North,060,Christchurch City,13,Canterbury Region,6.22879283,6.22879283,11772.815514
337400,Allenton North,063,Ashburton District,13,Canterbury Region,2.09646424,2.09646424,6501.58770549
330800,St Martins,060,Christchurch City,13,Canterbury Region,1.04566736,1.04566736,5748.00228127
330900,Opawa,060,Christchurch City,13,Canterbury Region,0.81403259,0.81403259,4023.49868965
331000,Woolston West,060,Christchurch City,13,Canterbury Region,0.51495272,0.51495272,3713.16669996
331100,Woolston East,060,Christchurch City,13,Canterbury Region,1.2754992,1.2754992,5175.30960113
331200,Huntsbury,060,Christchurch City,13,Canterbury Region,1.36516963,1.36516963,6406.79375643
331300,Cashmere East,060,Christchurch City,13,Canterbury Region,2.33083863,2.33083863,8115.60096533
331400,Hillsborough (Christchurch City),060,Christchurch City,13,Canterbury Region,1.64399452,1.64399452,9170.74336896
363000,Clifton,075,Invercargill City,15,Southland Region,2.86675942,2.86675942,8856.57782341
363100,Woodend-Greenhills,075,Invercargill City,15,Southland Region,173.5970315,173.5970315,166661.478185
331500,Woolston South,060,Christchurch City,13,Canterbury Region,2.40401821,2.40401821,7710.64187543
331700,South New Brighton,060,Christchurch City,13,Canterbury Region,2.76495818,2.76495818,12012.0347668
331800,Brookhaven-Ferrymead,060,Christchurch City,13,Canterbury Region,2.67254053,2.67254053,7811.56900205
363200,Inlet Bluff Harbour,075,Invercargill City,15,Southland Region,0,56.44302196,88840.1041796
363300,Bluff,075,Invercargill City,15,Southland Region,10.09935064,10.09935064,24968.9376333
331900,Heathcote Valley,060,Christchurch City,13,Canterbury Region,4.18072939,4.18072939,14075.8241872
332000,Mount Pleasant,060,Christchurch City,13,Canterbury Region,2.47292732,2.47292732,10892.2277973
332100,Redcliffs,060,Christchurch City,13,Canterbury Region,1.85691569,1.85691569,7237.59547689
363400,Oceanic West Coast Region,999,Area Outside Territorial Authority,12,West Coast Region,0,12985.4085989,1242092.36286
363500,Oceanic Nelson Region,999,Area Outside Territorial Authority,17,Nelson Region,0,787.57463618,153762.787706
332200,Governors Bay,060,Christchurch City,13,Canterbury Region,3.21975959,3.21975959,14690.4810977
355400,Shiel Hill,071,Dunedin City,14,Otago Region,1.37180667,1.37180667,5626.70376658
332400,Clifton Hill,060,Christchurch City,13,Canterbury Region,2.56194216,2.56194216,7549.26561333
363600,Oceanic Marlborough Region,999,Area Outside Territorial Authority,18,Marlborough Region,0,5204.20618562,603039.194186
363700,Oceanic Southland Region,999,Area Outside Territorial Authority,15,Southland Region,0,22404.5952425,2701803.4256
363800,Oceanic Canterbury Region,999,Area Outside Territorial Authority,13,Canterbury Region,0.02722564,11442.0815502,1174246.13564
363900,Oceanic Otago Region,999,Area Outside Territorial Authority,14,Otago Region,0,6538.04501738,735833.905908
339400,Hadlow,064,Timaru District,13,Canterbury Region,93.74147049,93.74147049,69608.3641586
339500,Levels,064,Timaru District,13,Canterbury Region,88.02671306,88.02671306,41893.7440227
348400,Frankton,070,Queenstown-Lakes District,14,Otago Region,7.61602284,7.61602284,15956.934389
350300,East Taieri,071,Dunedin City,14,Otago Region,3.11997913,3.11997913,11489.94809
348600,Kelvin Heights,070,Queenstown-Lakes District,14,Otago Region,9.27575905,9.27575905,16529.5498724
348900,Jacks Point,070,Queenstown-Lakes District,14,Otago Region,14.47995059,14.47995059,19611.4412766
350400,Halfway Bush,071,Dunedin City,14,Otago Region,1.70481455,1.70481455,7121.35418748
349200,Waikouaiti,071,Dunedin City,14,Otago Region,7.32819774,7.32819774,19230.5145184
349600,Mount Cargill,071,Dunedin City,14,Otago Region,129.73588294,129.73588294,91292.232288
349700,Bush Road,071,Dunedin City,14,Otago Region,0.87644249,0.87644249,4079.20305658
349800,Mosgiel East,071,Dunedin City,14,Otago Region,3.34393766,3.34393766,9793.74940789
351200,Brighton,071,Dunedin City,14,Otago Region,3.39318287,3.39318287,18177.0185096
351400,Kaikorai-Bradford,071,Dunedin City,14,Otago Region,3.43901745,3.43901745,14615.8173459
351800,Roseneath-Sawyers Bay,071,Dunedin City,14,Otago Region,4.96568148,4.96568148,14978.3204258
351900,Normanby,071,Dunedin City,14,Otago Region,1.41871037,1.41871037,7552.52168849
355500,St Kilda North,071,Dunedin City,14,Otago Region,1.05786436,1.05786436,4758.37952184
352500,Waldronville,071,Dunedin City,14,Otago Region,9.53866325,9.53866325,20776.7284159
353000,Opoho,071,Dunedin City,14,Otago Region,2.35880595,2.35880595,9726.89401784
353700,Harbourside,071,Dunedin City,14,Otago Region,2.7054949,2.7054949,17037.3246058
353800,Fernhill,071,Dunedin City,14,Otago Region,0.79443961,0.79443961,4483.70559392
354000,Concord,071,Dunedin City,14,Otago Region,1.1631525,1.1631525,5296.10264469
354100,Calton Hill,071,Dunedin City,14,Otago Region,0.66409249,0.66409249,3545.67785875
354800,St Clair,071,Dunedin City,14,Otago Region,2.02846947,2.02846947,9413.13880055
354900,Waverley,071,Dunedin City,14,Otago Region,2.14698517,2.14698517,10884.0554264
355000,Macandrew Bay-Company Bay,071,Dunedin City,14,Otago Region,2.5809186,2.5809186,16635.7139791
356600,Balclutha North,072,Clutha District,14,Otago Region,3.06676179,3.06676179,8312.01251453
355600,Andersons Bay,071,Dunedin City,14,Otago Region,1.2576674,1.2576674,6205.56314197
355700,Tainui,071,Dunedin City,14,Otago Region,1.98803563,1.98803563,9277.61387505
356400,Milton,072,Clutha District,14,Otago Region,4.16487002,4.16487002,13697.3798273
356500,Balclutha South,072,Clutha District,14,Otago Region,4.51738053,4.51738053,10619.9672721
356700,Benhar-Stirling,072,Clutha District,14,Otago Region,9.4832928,9.4832928,14689.6025303
356800,Kaitangata-Matau,072,Clutha District,14,Otago Region,163.71039295,163.71039295,87575.8914009
356900,Inlet Catlins,072,Clutha District,14,Otago Region,0,7.23246131,27119.2229854
357000,Fiordland,073,Southland District,15,Southland Region,12042.3888983,12091.5396844,2405476.50488
357100,Inlets Fiordland,073,Southland District,15,Southland Region,0,854.05167507,1170062.5411
357200,Inland water Lake Te Anau,073,Southland District,15,Southland Region,0,344.40282964,361811.579099
357300,Mararoa,073,Southland District,15,Southland Region,2716.9438949,2727.28849551,372216.456181
357400,Inland water Lake Manapouri,073,Southland District,15,Southland Region,0,138.8476547,183895.678687
357500,Te Anau,073,Southland District,15,Southland Region,5.57469755,5.57469755,12347.3331788
357600,Whitestone,073,Southland District,15,Southland Region,91.02317986,91.02317986,61781.6913169
357700,Mossburn,073,Southland District,15,Southland Region,2740.55528789,2740.55528789,297618.833773
357800,Inland water Lake Hauroko,073,Southland District,15,Southland Region,0,71.10793822,105396.863331
361600,Richmond (Invercargill City),075,Invercargill City,15,Southland Region,1.27965464,1.27965464,4529.07703842
358900,Wallacetown,073,Southland District,15,Southland Region,89.78595911,89.78595911,45894.3064222
359200,Inlets other Southland District,073,Southland District,15,Southland Region,0,31.84762774,92201.1330875
359300,Stewart Island,073,Southland District,15,Southland Region,1747.73632959,1747.73632959,1056273.63122
359400,Awarua Plains,073,Southland District,15,Southland Region,409.09391302,409.09391302,124147.461409
359500,Wyndham-Catlins,073,Southland District,15,Southland Region,1381.83525395,1381.83525395,253156.722102
359600,Waikaka,074,Gore District,15,Southland Region,586.76576918,586.76576918,164993.112709
359700,Waimumu-Kaiwera,074,Gore District,15,Southland Region,648.00837569,648.00837569,204650.160466
360000,East Gore,074,Gore District,15,Southland Region,3.69861304,3.69861304,13096.1583096
360100,Gore Central,074,Gore District,15,Southland Region,1.02927229,1.02927229,5910.10755166
360300,Gore South,074,Gore District,15,Southland Region,3.54332679,3.54332679,12197.1228764
360500,West Plains-Makarewa,075,Invercargill City,15,Southland Region,87.86607396,87.86607396,78319.9780781
360600,Prestonville-Grasmere,075,Invercargill City,15,Southland Region,3.1962938,3.1962938,9385.16947813
360700,Donovan Park,075,Invercargill City,15,Southland Region,2.93102078,2.93102078,8515.12455017
360900,Otatara,075,Invercargill City,15,Southland Region,19.95161859,19.95161859,22163.2147094
361700,Glengarry,075,Invercargill City,15,Southland Region,2.05295974,2.05295974,6305.12162547
361800,Inlet New River Estuary,075,Invercargill City,15,Southland Region,0,49.00786172,71859.5196438
361900,Turnbull Thompson Park,075,Invercargill City,15,Southland Region,1.48988387,1.48988387,7666.28018341
361000,Invercargill Central,075,Invercargill City,15,Southland Region,9.18066539,9.18066539,19219.0447817
361100,Gladstone (Invercargill City),075,Invercargill City,15,Southland Region,1.26997527,1.26997527,5300.69946332
361300,Avenal,075,Invercargill City,15,Southland Region,1.42781023,1.42781023,5326.02145893
361500,Windsor,075,Invercargill City,15,Southland Region,1.60991921,1.60991921,7550.9657062
362000,Crinan,075,Invercargill City,15,Southland Region,0.82389206,0.82389206,3933.35284275
362200,Kew (Invercargill City),075,Invercargill City,15,Southland Region,2.0303197,2.0303197,9563.59798941
362400,Newfield,075,Invercargill City,15,Southland Region,2.00552502,2.00552502,6489.25041979
362500,Strathern,075,Invercargill City,15,Southland Region,0.98388272,0.98388272,4203.14064946
362600,Elizabeth Park,075,Invercargill City,15,Southland Region,1.03043444,1.03043444,5084.79275614
